observation_index,saison,spieltag,spiel,baseline_model,candidate_model,baseline_negative_log_score,candidate_negative_log_score,candidate_score_advantage,cumulative_candidate_score_advantage
207,18/19,24,1,poisson_rolling_306,com_poisson_rolling_306,3.0436574708074673,2.94346784833823,0.10018962246923735,0.10018962246923735
208,18/19,24,2,poisson_rolling_306,com_poisson_rolling_306,3.5090969845213706,3.556103570206318,-0.04700658568494731,0.05318303678429004
209,18/19,24,3,poisson_rolling_306,com_poisson_rolling_306,3.1274924916790283,3.066213011609136,0.061279480069892145,0.11446251685418218
210,18/19,24,4,poisson_rolling_306,com_poisson_rolling_306,3.5090969845213706,3.556103570206318,-0.04700658568494731,0.06745593116923487
211,18/19,24,5,poisson_rolling_306,com_poisson_rolling_306,3.068519379602499,2.9473350811631747,0.12118429843932432,0.1886402296085592
212,18/19,24,6,poisson_rolling_306,com_poisson_rolling_306,3.1274924916790283,3.066213011609136,0.061279480069892145,0.24991970967845134
213,18/19,24,7,poisson_rolling_306,com_poisson_rolling_306,2.9514270589972185,2.7892166636558784,0.16221039534134007,0.4121301050197914
214,18/19,24,8,poisson_rolling_306,com_poisson_rolling_306,3.504468439518554,3.6122850173947256,-0.1078165778761715,0.3043135271436199
215,18/19,24,9,poisson_rolling_306,com_poisson_rolling_306,3.231946799753338,3.218182980231518,0.013763819521820153,0.3180773466654401
216,18/19,25,1,poisson_rolling_306,com_poisson_rolling_306,2.9108419842115083,2.742287920263152,0.16855406394835626,0.48663141061379633
217,18/19,25,2,poisson_rolling_306,com_poisson_rolling_306,3.667078759938555,3.7772105656485166,-0.11013180570996184,0.3764996049038345
218,18/19,25,3,poisson_rolling_306,com_poisson_rolling_306,2.97759435172258,2.845046604361386,0.132547747361194,0.5090473522650285
219,18/19,25,4,poisson_rolling_306,com_poisson_rolling_306,3.071299791087988,2.950487896588129,0.12081189449985885,0.6298592467648874
220,18/19,25,5,poisson_rolling_306,com_poisson_rolling_306,2.906223038355243,2.7317680763841565,0.17445496197108668,0.804314208735974
221,18/19,25,6,poisson_rolling_306,com_poisson_rolling_306,4.855607114085593,5.556934010829508,-0.7013268967439146,0.10298731199205946
222,18/19,25,7,poisson_rolling_306,com_poisson_rolling_306,2.9108419842115083,2.742287920263152,0.16855406394835626,0.2715413759404157
223,18/19,25,8,poisson_rolling_306,com_poisson_rolling_306,2.9527185513351455,2.789916763915187,0.16280178741995854,0.43434316336037426
224,18/19,25,9,poisson_rolling_306,com_poisson_rolling_306,2.9345091250385096,2.7798722440576853,0.1546368809808243,0.5889800443411985
225,18/19,26,1,poisson_rolling_306,com_poisson_rolling_306,3.1601032338788357,3.0725285459111973,0.08757468796763845,0.676554732308837
226,18/19,26,2,poisson_rolling_306,com_poisson_rolling_306,3.2230145881112904,3.2056653122095184,0.017349275901771932,0.6939040082106089
227,18/19,26,3,poisson_rolling_306,com_poisson_rolling_306,3.2634152110163726,3.2154673670882374,0.047947843928135114,0.741851852138744
228,18/19,26,4,poisson_rolling_306,com_poisson_rolling_306,2.932982668209611,2.777357908085051,0.15562476012456017,0.8974766122633042
229,18/19,26,5,poisson_rolling_306,com_poisson_rolling_306,2.9753825022534173,2.8416210281402385,0.13376147411317874,1.031238086376483
230,18/19,26,6,poisson_rolling_306,com_poisson_rolling_306,3.1199901322509973,3.0551940857214532,0.06479604652954407,1.096034132906027
231,18/19,26,7,poisson_rolling_306,com_poisson_rolling_306,4.063300684370837,4.420403824952174,-0.3571031405813372,0.7389309923246898
232,18/19,26,8,poisson_rolling_306,com_poisson_rolling_306,2.9208259466029247,2.7481591810755646,0.17266676552736016,0.91159775785205
233,18/19,26,9,poisson_rolling_306,com_poisson_rolling_306,3.037584963593453,2.934043449654993,0.10354151393845967,1.0151392717905097
234,18/19,27,1,poisson_rolling_306,com_poisson_rolling_306,3.1682195266726936,3.0829981835283746,0.08522134314431895,1.1003606149348286
235,18/19,27,2,poisson_rolling_306,com_poisson_rolling_306,3.111322448833711,3.042153286232079,0.0691691626016322,1.1695297775364608
236,18/19,27,3,poisson_rolling_306,com_poisson_rolling_306,3.2732099014313363,3.229060560325749,0.044149341105587325,1.2136791186420481
237,18/19,27,4,poisson_rolling_306,com_poisson_rolling_306,2.9570147649977585,2.7931738925776273,0.16384087242013123,1.3775199910621794
238,18/19,27,5,poisson_rolling_306,com_poisson_rolling_306,3.0305956777972725,2.922681414815955,0.10791426298131768,1.485434254043497
239,18/19,27,6,poisson_rolling_306,com_poisson_rolling_306,2.929350177655671,2.769821792446507,0.15952838520916401,1.644962639252661
240,18/19,27,7,poisson_rolling_306,com_poisson_rolling_306,2.9570147649977585,2.7931738925776273,0.16384087242013123,1.8088035116727923
241,18/19,27,8,poisson_rolling_306,com_poisson_rolling_306,3.009819386585839,2.864622239117992,0.1451971474678473,1.9540006591406396
242,18/19,27,9,poisson_rolling_306,com_poisson_rolling_306,3.533334189532674,3.592879431142123,-0.05954524160944885,1.8944554175311907
243,18/19,28,1,poisson_rolling_306,com_poisson_rolling_306,2.921310473717135,2.7376139274160494,0.18369654630108556,2.0781519638322763
244,18/19,28,2,poisson_rolling_306,com_poisson_rolling_306,2.9734656454051773,2.8306374787489403,0.142828166656237,2.2209801304885133
245,18/19,28,3,poisson_rolling_306,com_poisson_rolling_306,2.909284755155845,2.7286834280017445,0.1806013271541005,2.4015814576426138
246,18/19,28,4,poisson_rolling_306,com_poisson_rolling_306,7.402581103425113,9.163851088151375,-1.7612699847262618,0.6403114729163519
247,18/19,28,5,poisson_rolling_306,com_poisson_rolling_306,3.2192966932912483,3.201185657939959,0.018111035351289217,0.6584225082676411
248,18/19,28,6,poisson_rolling_306,com_poisson_rolling_306,3.006745108129614,2.8533581892985467,0.15338691883106748,0.8118094270987086
249,18/19,28,7,poisson_rolling_306,com_poisson_rolling_306,3.524869652923904,3.5858372964798377,-0.06096764355593365,0.750841783542775
250,18/19,28,8,poisson_rolling_306,com_poisson_rolling_306,2.931666157351991,2.765533294662589,0.16613286268940186,0.9169746462321768
251,18/19,28,9,poisson_rolling_306,com_poisson_rolling_306,2.909284755155845,2.7286834280017445,0.1806013271541005,1.0975759733862773
252,18/19,29,1,poisson_rolling_306,com_poisson_rolling_306,3.1248120336244085,3.062510642832791,0.06230139079161745,1.1598773641778948
253,18/19,29,2,poisson_rolling_306,com_poisson_rolling_306,2.9062824225891575,2.7334291601129053,0.1728532624762522,1.332730626654147
254,18/19,29,3,poisson_rolling_306,com_poisson_rolling_306,3.041485495848633,2.9405780729952653,0.10090742285336773,1.4336380495075147
255,18/19,29,4,poisson_rolling_306,com_poisson_rolling_306,2.935040462228386,2.7819880075963113,0.15305245463207484,1.5866905041395896
256,18/19,29,5,poisson_rolling_306,com_poisson_rolling_306,3.070415269410063,2.950241764654521,0.12017350475554167,1.7068640088951312
257,18/19,29,6,poisson_rolling_306,com_poisson_rolling_306,3.5002625321765493,3.606017819615829,-0.10575528743927975,1.6011087214558515
258,18/19,29,7,poisson_rolling_306,com_poisson_rolling_306,2.9523059826131544,2.790786503576726,0.1615194790364285,1.76262820049228
259,18/19,29,8,poisson_rolling_306,com_poisson_rolling_306,3.070415269410063,2.950241764654521,0.12017350475554167,1.8828017052478216
260,18/19,29,9,poisson_rolling_306,com_poisson_rolling_306,2.9523059826131544,2.790786503576726,0.1615194790364285,2.04432118428425
261,18/19,30,1,poisson_rolling_306,com_poisson_rolling_306,3.1212969068710876,3.0552495421809738,0.06604736469011385,2.110368548974364
262,18/19,30,2,poisson_rolling_306,com_poisson_rolling_306,3.0043622372020806,2.853144028833924,0.15121820836815658,2.2615867573425206
263,18/19,30,3,poisson_rolling_306,com_poisson_rolling_306,3.518232285510713,3.5739051984214427,-0.05567291291072962,2.205913844431791
264,18/19,30,4,poisson_rolling_306,com_poisson_rolling_306,3.6625484882924795,3.8530440126583017,-0.19049552436582218,2.0154183200659688
265,18/19,30,5,poisson_rolling_306,com_poisson_rolling_306,2.97618817026045,2.837495266770759,0.13869290348969088,2.1541112235556596
266,18/19,30,6,poisson_rolling_306,com_poisson_rolling_306,3.038641184906986,2.9317943926420185,0.1068467922649674,2.260958015820627
267,18/19,30,7,poisson_rolling_306,com_poisson_rolling_306,5.160332073897585,6.039617791085476,-0.8792857171878907,1.3816722986327363
268,18/19,30,8,poisson_rolling_306,com_poisson_rolling_306,2.9534865665416348,2.7838901328695442,0.16959643367209054,1.5512687323048269
269,18/19,30,9,poisson_rolling_306,com_poisson_rolling_306,2.9103054814168487,2.7340779704341855,0.1762275109826632,1.72749624328749
270,18/19,31,1,poisson_rolling_306,com_poisson_rolling_306,2.9221251496450265,2.7495414221591687,0.1725837274858577,1.9000799707733478
271,18/19,31,2,poisson_rolling_306,com_poisson_rolling_306,2.970440063369253,2.8342678426762546,0.13617222069299828,2.036252191466346
272,18/19,31,3,poisson_rolling_306,com_poisson_rolling_306,2.9221251496450265,2.7495414221591687,0.1725837274858577,2.2088359189522038
273,18/19,31,4,poisson_rolling_306,com_poisson_rolling_306,2.970440063369253,2.8342678426762546,0.13617222069299828,2.345008139645202
274,18/19,31,5,poisson_rolling_306,com_poisson_rolling_306,3.3359083723588725,3.3704114218214585,-0.03450304946258598,2.310505090182616
275,18/19,31,6,poisson_rolling_306,com_poisson_rolling_306,3.479932032156441,3.579395544287749,-0.09946351213130811,2.211041578051308
276,18/19,31,7,poisson_rolling_306,com_poisson_rolling_306,2.9221251496450265,2.7495414221591687,0.1725837274858577,2.3836253055371657
277,18/19,31,8,poisson_rolling_306,com_poisson_rolling_306,2.9081793021018285,2.7376706697177866,0.1705086323840419,2.5541339379212076
278,18/19,31,9,poisson_rolling_306,com_poisson_rolling_306,3.394195972401903,3.3975219774792293,-0.0033260050773264993,2.550807932843881
279,18/19,32,1,poisson_rolling_306,com_poisson_rolling_306,3.3296124262689304,3.364370072949569,-0.03475764668063874,2.5160502861632423
280,18/19,32,2,poisson_rolling_306,com_poisson_rolling_306,2.905715398770603,2.723126857275517,0.18258854149508608,2.6986388276583284
281,18/19,32,3,poisson_rolling_306,com_poisson_rolling_306,2.905715398770603,2.723126857275517,0.18258854149508608,2.8812273691534145
282,18/19,32,4,poisson_rolling_306,com_poisson_rolling_306,2.9277369690693362,2.7632864228887826,0.16445054618055366,3.045677915333968
283,18/19,32,5,poisson_rolling_306,com_poisson_rolling_306,2.9676899375611114,2.825148240871144,0.14254169668996752,3.1882196120239357
284,18/19,32,6,poisson_rolling_306,com_poisson_rolling_306,3.1074038364546013,3.035212922317683,0.07219091413691814,3.260410526160854
285,18/19,32,7,poisson_rolling_306,com_poisson_rolling_306,4.706620879067991,5.264403679869318,-0.557782800801327,2.702627725359527
286,18/19,32,8,poisson_rolling_306,com_poisson_rolling_306,3.171985593602777,3.0866036484715806,0.08538194513119635,2.788009670490723
287,18/19,32,9,poisson_rolling_306,com_poisson_rolling_306,3.472749630996013,3.5751925735783487,-0.10244294258233566,2.6855667279083875
288,18/19,33,1,poisson_rolling_306,com_poisson_rolling_306,3.174151183194553,3.0902547639480105,0.08389641924654256,2.76946314715493
289,18/19,33,2,poisson_rolling_306,com_poisson_rolling_306,3.633885071191557,3.810000662790472,-0.176115591598915,2.593347555556015
290,18/19,33,3,poisson_rolling_306,com_poisson_rolling_306,4.031174486748867,4.390122764587531,-0.3589482778386639,2.234399277717351
291,18/19,33,4,poisson_rolling_306,com_poisson_rolling_306,3.105179239730674,3.032435852602319,0.07274338712835515,2.3071426648457063
292,18/19,33,5,poisson_rolling_306,com_poisson_rolling_306,3.403354024153245,3.41186272503559,-0.00850870088234501,2.2986339639633613
293,18/19,33,6,poisson_rolling_306,com_poisson_rolling_306,2.9593239618321405,2.7934835437276746,0.16584041810446593,2.464474382067827
294,18/19,33,7,poisson_rolling_306,com_poisson_rolling_306,3.025659955256728,2.9138357803998787,0.11182417485684937,2.5762985569246766
295,18/19,33,8,poisson_rolling_306,com_poisson_rolling_306,3.025659955256728,2.9138357803998787,0.11182417485684937,2.688122731781526
296,18/19,33,9,poisson_rolling_306,com_poisson_rolling_306,4.712737636343903,5.267481645452406,-0.5547440091085036,2.1333787226730223
297,18/19,34,1,poisson_rolling_306,com_poisson_rolling_306,3.0143672112891693,2.87544070119084,0.13892651009832946,2.2723052327713518
298,18/19,34,2,poisson_rolling_306,com_poisson_rolling_306,2.90636830127022,2.7383833467963683,0.16798495447385164,2.4402901872452034
299,18/19,34,3,poisson_rolling_306,com_poisson_rolling_306,2.9600060020703154,2.8024952716283593,0.15751073044195607,2.5978009176871595
300,18/19,34,4,poisson_rolling_306,com_poisson_rolling_306,3.175880526637627,3.095962368208589,0.07991815842903804,2.6777190761161975
301,18/19,34,5,poisson_rolling_306,com_poisson_rolling_306,2.923663298354086,2.755022711468982,0.16864058688510397,2.8463596630013015
302,18/19,34,6,poisson_rolling_306,com_poisson_rolling_306,3.545664952389984,3.607012816091995,-0.06134786370201084,2.7850117992992907
303,18/19,34,7,poisson_rolling_306,com_poisson_rolling_306,2.9261150642050495,2.7702048023746073,0.1559102618304422,2.940922061129733
304,18/19,34,8,poisson_rolling_306,com_poisson_rolling_306,2.965279912996948,2.82947772250553,0.13580219049141817,3.076724251621151
305,18/19,34,9,poisson_rolling_306,com_poisson_rolling_306,2.9600060020703154,2.8024952716283593,0.15751073044195607,3.234234982063107
306,19/20,1,1,poisson_rolling_306,com_poisson_rolling_306,4.051964444258957,4.3305953491551605,-0.2786309048962039,2.955604077166903
307,19/20,1,2,poisson_rolling_306,com_poisson_rolling_306,3.399513532704603,3.4065545851144776,-0.007041052409874737,2.9485630247570285
308,19/20,1,3,poisson_rolling_306,com_poisson_rolling_306,3.208681975458873,3.1855766274523347,0.023105348006538406,2.971668372763567
309,19/20,1,4,poisson_rolling_306,com_poisson_rolling_306,3.208681975458873,3.1855766274523347,0.023105348006538406,2.9947737207701053
310,19/20,1,5,poisson_rolling_306,com_poisson_rolling_306,3.826616000986334,4.093182370074302,-0.26656636908796827,2.728207351682137
311,19/20,1,6,poisson_rolling_306,com_poisson_rolling_306,2.9582544917297042,2.7911776219377344,0.16707686979196978,2.895284221474107
312,19/20,1,7,poisson_rolling_306,com_poisson_rolling_306,3.027915710769733,2.9166141501890337,0.11130156058069929,3.006585782054806
313,19/20,1,8,poisson_rolling_306,com_poisson_rolling_306,4.4722188824734275,4.928187125466437,-0.4559682429930092,2.550617539061797
314,19/20,1,9,poisson_rolling_306,com_poisson_rolling_306,2.9057248336405763,2.7237730269048512,0.18195180673572509,2.732569345797522
315,19/20,2,1,poisson_rolling_306,com_poisson_rolling_306,3.073634346376096,2.9528138180410792,0.12082052833501677,2.8533898741325388
316,19/20,2,2,poisson_rolling_306,com_poisson_rolling_306,3.120335749919562,3.0553920913908144,0.0649436585287475,2.9183335326612863
317,19/20,2,3,poisson_rolling_306,com_poisson_rolling_306,3.3475707289252767,3.3872771406342395,-0.03970641170896272,2.8786271209523235
318,19/20,2,4,poisson_rolling_306,com_poisson_rolling_306,3.004874874353405,2.8588113030994577,0.1460635712539471,3.0246906922062706
319,19/20,2,5,poisson_rolling_306,com_poisson_rolling_306,2.933129298747147,2.7765588451048018,0.15657045364234534,3.181261145848616
320,19/20,2,6,poisson_rolling_306,com_poisson_rolling_306,3.120335749919562,3.0553920913908144,0.0649436585287475,3.2462048043773635
321,19/20,2,7,poisson_rolling_306,com_poisson_rolling_306,2.906081339257028,2.7300038193071146,0.1760775199499136,3.422282324327277
322,19/20,2,8,poisson_rolling_306,com_poisson_rolling_306,3.004874874353405,2.8588113030994577,0.1460635712539471,3.568345895581224
323,19/20,2,9,poisson_rolling_306,com_poisson_rolling_306,2.9755954618346294,2.8410881528085383,0.1345073090260911,3.7028532046073153
324,19/20,3,1,poisson_rolling_306,com_poisson_rolling_306,3.0699400931169265,2.9418365318908855,0.12810356122604105,3.8309567658333563
325,19/20,3,2,poisson_rolling_306,com_poisson_rolling_306,2.920025749116533,2.7369754940708617,0.1830502550456714,4.014007020879028
326,19/20,3,3,poisson_rolling_306,com_poisson_rolling_306,2.920025749116533,2.7369754940708617,0.1830502550456714,4.197057275924699
327,19/20,3,4,poisson_rolling_306,com_poisson_rolling_306,3.2573726810345676,3.205395004100353,0.0519776769342144,4.2490349528589135
328,19/20,3,5,poisson_rolling_306,com_poisson_rolling_306,4.428867781277589,4.876030084587683,-0.447162303310094,3.8018726495488195
329,19/20,3,6,poisson_rolling_306,com_poisson_rolling_306,2.920025749116533,2.7369754940708617,0.1830502550456714,3.984922904594491
330,19/20,3,7,poisson_rolling_306,com_poisson_rolling_306,3.0420270986024747,2.9352640980416425,0.10676300056083221,4.091685905155323
331,19/20,3,8,poisson_rolling_306,com_poisson_rolling_306,2.920025749116533,2.7369754940708617,0.1830502550456714,4.274736160200995
332,19/20,3,9,poisson_rolling_306,com_poisson_rolling_306,3.0420270986024747,2.9352640980416425,0.10676300056083221,4.381499160761827
333,19/20,4,1,poisson_rolling_306,com_poisson_rolling_306,3.4947349579881504,3.6065489375761075,-0.11181397958795714,4.26968518117387
334,19/20,4,2,poisson_rolling_306,com_poisson_rolling_306,3.518232285510713,3.57381934680096,-0.05558706129024671,4.214098119883623
335,19/20,4,3,poisson_rolling_306,com_poisson_rolling_306,3.839549356797896,4.029063752472425,-0.18951439567452866,4.024583724209094
336,19/20,4,4,poisson_rolling_306,com_poisson_rolling_306,3.6625484882924795,3.852822581952225,-0.19027409365974535,3.834309630549349
337,19/20,4,5,poisson_rolling_306,com_poisson_rolling_306,2.906121374894262,2.7240247176834913,0.18209665721077073,4.01640628776012
338,19/20,4,6,poisson_rolling_306,com_poisson_rolling_306,3.839549356797896,4.029063752472425,-0.18951439567452866,3.826891892085591
339,19/20,4,7,poisson_rolling_306,com_poisson_rolling_306,3.670890650481077,3.789899479390712,-0.11900882890963516,3.707883063175956
340,19/20,4,8,poisson_rolling_306,com_poisson_rolling_306,3.1212969068710876,3.055286308860886,0.0660105980102017,3.7738936611861575
341,19/20,4,9,poisson_rolling_306,com_poisson_rolling_306,3.261965899264645,3.212425385946787,0.049540513317857915,3.8234341745040155
342,19/20,5,1,poisson_rolling_306,com_poisson_rolling_306,3.836550428616107,4.0063564501190285,-0.16980602150292157,3.653628153001094
343,19/20,5,2,poisson_rolling_306,com_poisson_rolling_306,3.379756408347589,3.375992867410673,0.003763540936915888,3.65739169393801
344,19/20,5,3,poisson_rolling_306,com_poisson_rolling_306,2.9106831686650594,2.747420373401326,0.16326279526373355,3.8206544892017433
345,19/20,5,4,poisson_rolling_306,com_poisson_rolling_306,2.9106831686650594,2.747420373401326,0.16326279526373355,3.983917284465477
346,19/20,5,5,poisson_rolling_306,com_poisson_rolling_306,2.9203931585538783,2.7534454885531545,0.16694767000072375,4.150864954466201
347,19/20,5,6,poisson_rolling_306,com_poisson_rolling_306,3.836550428616107,4.0063564501190285,-0.16980602150292157,3.981058932963279
348,19/20,5,7,poisson_rolling_306,com_poisson_rolling_306,2.9106831686650594,2.747420373401326,0.16326279526373355,4.144321728227013
349,19/20,5,8,poisson_rolling_306,com_poisson_rolling_306,3.515847287407098,3.563390095793352,-0.04754280838625391,4.096778919840759
350,19/20,5,9,poisson_rolling_306,com_poisson_rolling_306,2.9342224351974266,2.7843013753537207,0.14992105984370596,4.246699979684465
351,19/20,6,1,poisson_rolling_306,com_poisson_rolling_306,3.043075191746233,2.9471734740437228,0.09590171770251033,4.342601697386975
352,19/20,6,2,poisson_rolling_306,com_poisson_rolling_306,3.8293772068610465,3.9902025891661026,-0.16082538230505605,4.181776315081919
353,19/20,6,3,poisson_rolling_306,com_poisson_rolling_306,2.935885195924193,2.79058323075148,0.1453019651727132,4.327078280254632
354,19/20,6,4,poisson_rolling_306,com_poisson_rolling_306,4.654917653584683,5.124705787566398,-0.4697881339817158,3.8572901462729163
355,19/20,6,5,poisson_rolling_306,com_poisson_rolling_306,4.077847864057368,4.413485810234079,-0.3356379461767105,3.521652200096206
356,19/20,6,6,poisson_rolling_306,com_poisson_rolling_306,3.3747921822129925,3.368425172057954,0.006367010155038599,3.5280192102512444
357,19/20,6,7,poisson_rolling_306,com_poisson_rolling_306,3.0690251165005193,2.9538187299928325,0.11520638650768689,3.6432255967589313
358,19/20,6,8,poisson_rolling_306,com_poisson_rolling_306,2.951660791905404,2.7978046488897803,0.15385614301562356,3.797081739774555
359,19/20,6,9,poisson_rolling_306,com_poisson_rolling_306,2.911609597518357,2.7531039395777555,0.15850565794060145,3.9555873977151563
360,19/20,7,1,poisson_rolling_306,com_poisson_rolling_306,3.070398868692209,2.951376086327656,0.11902278236455288,4.074610180079709
361,19/20,7,2,poisson_rolling_306,com_poisson_rolling_306,3.070398868692209,2.951376086327656,0.11902278236455288,4.193632962444262
362,19/20,7,3,poisson_rolling_306,com_poisson_rolling_306,3.5002987267053953,3.6044341866239904,-0.10413545991859507,4.089497502525667
363,19/20,7,4,poisson_rolling_306,com_poisson_rolling_306,4.659972387413049,5.1559169468063715,-0.4959445593933225,3.5935529431323445
364,19/20,7,5,poisson_rolling_306,com_poisson_rolling_306,2.906283553620213,2.7352396570404665,0.1710438965797465,3.764596839712091
365,19/20,7,6,poisson_rolling_306,com_poisson_rolling_306,8.661869718762432,10.946392916848112,-2.2845231980856795,1.4800736416264115
366,19/20,7,7,poisson_rolling_306,com_poisson_rolling_306,4.0166914125708075,4.259719484519906,-0.24302807194909803,1.2370455696773135
367,19/20,7,8,poisson_rolling_306,com_poisson_rolling_306,2.935050359133882,2.783566216939846,0.15148414219403605,1.3885297118713495
368,19/20,7,9,poisson_rolling_306,com_poisson_rolling_306,3.66497604046684,3.771112025082118,-0.10613598461527829,1.2823937272560713
369,19/20,8,1,poisson_rolling_306,com_poisson_rolling_306,2.9361650101645864,2.8144660879013514,0.12169892226323498,1.4040926495193062
370,19/20,8,2,poisson_rolling_306,com_poisson_rolling_306,3.8281849896962683,3.954470035092882,-0.12628504539661378,1.2778076041226925
371,19/20,8,3,poisson_rolling_306,com_poisson_rolling_306,2.979981363711289,2.8752178214521535,0.10476354225913553,1.382571146381828
372,19/20,8,4,poisson_rolling_306,com_poisson_rolling_306,2.979981363711289,2.8752178214521535,0.10476354225913553,1.4873346886409635
373,19/20,8,5,poisson_rolling_306,com_poisson_rolling_306,2.9514499290107494,2.8226505866723386,0.12879934233841084,1.6161340309793744
374,19/20,8,6,poisson_rolling_306,com_poisson_rolling_306,3.001159633474856,2.885188821489592,0.11597081198526382,1.7321048429646382
375,19/20,8,7,poisson_rolling_306,com_poisson_rolling_306,3.0436003445541644,2.962074208025726,0.08152613652843854,1.8136309794930767
376,19/20,8,8,poisson_rolling_306,com_poisson_rolling_306,3.068568915038327,2.97105938044335,0.0975095345949768,1.9111405140880535
377,19/20,8,9,poisson_rolling_306,com_poisson_rolling_306,3.660692249575817,3.736665267619017,-0.07597301804320011,1.8351674960448534
378,19/20,9,1,poisson_rolling_306,com_poisson_rolling_306,2.9190418680933448,2.7835592146578847,0.13548265343546007,1.9706501494803135
379,19/20,9,2,poisson_rolling_306,com_poisson_rolling_306,2.913134044130558,2.7817254952468318,0.13140854888372644,2.10205869836404
380,19/20,9,3,poisson_rolling_306,com_poisson_rolling_306,2.9067418896058967,2.770337907512868,0.13640398209302873,2.2384626804570686
381,19/20,9,4,poisson_rolling_306,com_poisson_rolling_306,3.148484750134699,3.0737410776859235,0.07474367244877556,2.313206352905844
382,19/20,9,5,poisson_rolling_306,com_poisson_rolling_306,3.0647258076650843,2.966441361637351,0.09828444602773345,2.4114907989335777
383,19/20,9,6,poisson_rolling_306,com_poisson_rolling_306,3.249338125963604,3.203546257037175,0.04579186892642895,2.4572826678600066
384,19/20,9,7,poisson_rolling_306,com_poisson_rolling_306,2.938574393625956,2.818190746796006,0.12038364682994995,2.5776663146899566
385,19/20,9,8,poisson_rolling_306,com_poisson_rolling_306,2.983432828978394,2.880220637399333,0.10321219157906114,2.6808785062690177
386,19/20,9,9,poisson_rolling_306,com_poisson_rolling_306,2.983432828978394,2.880220637399333,0.10321219157906114,2.784090697848079
387,19/20,10,1,poisson_rolling_306,com_poisson_rolling_306,2.9488838996559537,2.8143133129505884,0.13457058670536526,2.918661284553444
388,19/20,10,2,poisson_rolling_306,com_poisson_rolling_306,3.1462076167356656,3.0678659632357608,0.07834165349990485,2.997002938053349
389,19/20,10,3,poisson_rolling_306,com_poisson_rolling_306,3.497441235000423,3.5264849352305987,-0.029043700230175773,2.967959237823173
390,19/20,10,4,poisson_rolling_306,com_poisson_rolling_306,2.9488838996559537,2.8143133129505884,0.13457058670536526,3.1025298245285384
391,19/20,10,5,poisson_rolling_306,com_poisson_rolling_306,4.404765021658108,4.719788556075002,-0.3150235344168948,2.7875062901116436
392,19/20,10,6,poisson_rolling_306,com_poisson_rolling_306,2.9970615063789694,2.8753850353982955,0.12167647098067391,2.9091827610923175
393,19/20,10,7,poisson_rolling_306,com_poisson_rolling_306,2.9850758230619476,2.878130219430062,0.10694560363188543,3.016128364724203
394,19/20,10,8,poisson_rolling_306,com_poisson_rolling_306,3.497441235000423,3.5264849352305987,-0.029043700230175773,2.987084664494027
395,19/20,10,9,poisson_rolling_306,com_poisson_rolling_306,2.9397273717741825,2.814589785332828,0.12513758644135464,3.112222250935382
396,19/20,11,1,poisson_rolling_306,com_poisson_rolling_306,3.971783508723597,4.168768798397323,-0.19698528967372653,2.9152369612616553
397,19/20,11,2,poisson_rolling_306,com_poisson_rolling_306,3.2342938332066,3.178973375873383,0.055320457333216666,2.970557418594872
398,19/20,11,3,poisson_rolling_306,com_poisson_rolling_306,2.917458180627044,2.763497646186565,0.15396053444047908,3.124517953035351
399,19/20,11,4,poisson_rolling_306,com_poisson_rolling_306,3.384930466127706,3.4290992860650107,-0.044168819937304704,3.0803491330980464
400,19/20,11,5,poisson_rolling_306,com_poisson_rolling_306,3.5356652587736264,3.6383178802590095,-0.10265262148538312,2.9776965116126632
401,19/20,11,6,poisson_rolling_306,com_poisson_rolling_306,2.9450670693340655,2.811452444923944,0.1336146244101215,3.1113111360227848
402,19/20,11,7,poisson_rolling_306,com_poisson_rolling_306,3.480759881332169,3.5086336916559304,-0.02787381032376146,3.0834373256990233
403,19/20,11,8,poisson_rolling_306,com_poisson_rolling_306,3.349262206293808,3.3325197909478135,0.016742415345994743,3.100179741045018
404,19/20,11,9,poisson_rolling_306,com_poisson_rolling_306,2.991390678324784,2.8575975957711393,0.13379308255364464,3.2339728235986627
405,19/20,12,1,poisson_rolling_306,com_poisson_rolling_306,2.946134034167102,2.8105696664786564,0.1355643676884455,3.369537191287108
406,19/20,12,2,poisson_rolling_306,com_poisson_rolling_306,3.0618930233888193,2.976484777393253,0.08540824599556629,3.4549454372826744
407,19/20,12,3,poisson_rolling_306,com_poisson_rolling_306,2.99411221512986,2.8799329530239817,0.11417926210587837,3.569124699388553
408,19/20,12,4,poisson_rolling_306,com_poisson_rolling_306,4.1618748105870225,4.430887590589904,-0.26901278000288187,3.300111919385671
409,19/20,12,5,poisson_rolling_306,com_poisson_rolling_306,3.134206171403747,3.0443555819529564,0.08985058945079061,3.3899625088364616
410,19/20,12,6,poisson_rolling_306,com_poisson_rolling_306,2.99411221512986,2.8799329530239817,0.11417926210587837,3.50414177094234
411,19/20,12,7,poisson_rolling_306,com_poisson_rolling_306,3.3881355537215825,3.434879181881101,-0.04674362815951838,3.4573981427828215
412,19/20,12,8,poisson_rolling_306,com_poisson_rolling_306,2.99411221512986,2.8799329530239817,0.11417926210587837,3.5715774048887
413,19/20,12,9,poisson_rolling_306,com_poisson_rolling_306,3.3464805501573665,3.328822508700327,0.01765804145703953,3.5892354463457394
414,19/20,13,1,poisson_rolling_306,com_poisson_rolling_306,3.2403966415812135,3.1875136560772575,0.05288298550395609,3.6421184318496955
415,19/20,13,2,poisson_rolling_306,com_poisson_rolling_306,3.526361817504011,3.6247704495792874,-0.09840863207527661,3.543709799774419
416,19/20,13,3,poisson_rolling_306,com_poisson_rolling_306,2.9941921474899402,2.862220524020543,0.13197162346939706,3.675681423243816
417,19/20,13,4,poisson_rolling_306,com_poisson_rolling_306,3.058967672592672,2.947087772242739,0.11187990034993334,3.7875613235937493
418,19/20,13,5,poisson_rolling_306,com_poisson_rolling_306,2.9471161994865724,2.801471584526226,0.14564461496034653,3.933205938554096
419,19/20,13,6,poisson_rolling_306,com_poisson_rolling_306,3.141134940407312,3.055653859012736,0.08548108139457611,4.018687019948672
420,19/20,13,7,poisson_rolling_306,com_poisson_rolling_306,2.9941921474899402,2.862220524020543,0.13197162346939706,4.150658643418069
421,19/20,13,8,poisson_rolling_306,com_poisson_rolling_306,8.19051212993709,10.02795627050773,-1.8374441405706392,2.31321450284743
422,19/20,13,9,poisson_rolling_306,com_poisson_rolling_306,3.2403966415812135,3.1875136560772575,0.05288298550395609,2.366097488351386
423,19/20,14,1,poisson_rolling_306,com_poisson_rolling_306,3.057512564356834,2.9839469345369025,0.07356562981993164,2.4396631181713175
424,19/20,14,2,poisson_rolling_306,com_poisson_rolling_306,2.992782936031766,2.8801848204898874,0.11259811554187849,2.552261233713196
425,19/20,14,3,poisson_rolling_306,com_poisson_rolling_306,3.252143489950633,3.242485900654941,0.009657589295692048,2.561918823008888
426,19/20,14,4,poisson_rolling_306,com_poisson_rolling_306,4.850514208325585,5.260660747807435,-0.4101465394818504,2.1517722835270376
427,19/20,14,5,poisson_rolling_306,com_poisson_rolling_306,3.057512564356834,2.9839469345369025,0.07356562981993164,2.2253379133469693
428,19/20,14,6,poisson_rolling_306,com_poisson_rolling_306,2.907592365418303,2.777897482945889,0.129694882472414,2.3550327958193833
429,19/20,14,7,poisson_rolling_306,com_poisson_rolling_306,4.173137493650465,4.3888176103608885,-0.21568011671042342,2.13935267910896
430,19/20,14,8,poisson_rolling_306,com_poisson_rolling_306,2.9907094524788462,2.894328761887266,0.09638069059158028,2.23573336970054
431,19/20,14,9,poisson_rolling_306,com_poisson_rolling_306,2.9177502946764307,2.7882914706054294,0.1294588240710013,2.3651921937715414
432,19/20,15,1,poisson_rolling_306,com_poisson_rolling_306,2.9904983673222745,2.9003897644432897,0.09010860287898481,2.4553007966505263
433,19/20,15,2,poisson_rolling_306,com_poisson_rolling_306,3.2517489914720983,3.2416058301841844,0.010143161287913927,2.46544395793844
434,19/20,15,3,poisson_rolling_306,com_poisson_rolling_306,2.943559020514485,2.837889068255649,0.10566995225883602,2.571113910197276
435,19/20,15,4,poisson_rolling_306,com_poisson_rolling_306,3.1389029968358244,3.069088069043559,0.06981492779226528,2.6409288379895415
436,19/20,15,5,poisson_rolling_306,com_poisson_rolling_306,5.5672886042546565,6.222939108193231,-0.655650503938574,1.9852783340509674
437,19/20,15,6,poisson_rolling_306,com_poisson_rolling_306,2.9160377595637357,2.8001726215951948,0.11586513796854092,2.1011434720195084
438,19/20,15,7,poisson_rolling_306,com_poisson_rolling_306,2.9160377595637357,2.8001726215951948,0.11586513796854092,2.2170086099880493
439,19/20,15,8,poisson_rolling_306,com_poisson_rolling_306,2.9075646935837227,2.786768314692992,0.1207963788907307,2.33780498887878
440,19/20,15,9,poisson_rolling_306,com_poisson_rolling_306,3.0572249658215327,2.967428136375517,0.08979682944601564,2.4276018183247956
441,19/20,16,1,poisson_rolling_306,com_poisson_rolling_306,2.9361650101645864,2.824157826017995,0.1120071841465915,2.539609002471387
442,19/20,16,2,poisson_rolling_306,com_poisson_rolling_306,2.9361650101645864,2.824157826017995,0.1120071841465915,2.6516161866179786
443,19/20,16,3,poisson_rolling_306,com_poisson_rolling_306,3.001159633474856,2.8943543032159766,0.1068053302588794,2.758421516876858
444,19/20,16,4,poisson_rolling_306,com_poisson_rolling_306,2.9514499290107494,2.8329916315392154,0.11845829747153402,2.876879814348392
445,19/20,16,5,poisson_rolling_306,com_poisson_rolling_306,3.2552653969484027,3.213766316665982,0.041499080282420664,2.9183788946308127
446,19/20,16,6,poisson_rolling_306,com_poisson_rolling_306,3.001159633474856,2.8943543032159766,0.1068053302588794,3.025184224889692
447,19/20,16,7,poisson_rolling_306,com_poisson_rolling_306,3.0436003445541644,2.968086171233807,0.07551417332035726,3.1006983982100493
448,19/20,16,8,poisson_rolling_306,com_poisson_rolling_306,3.2318630080777666,3.216207947574844,0.015655060502922424,3.1163534587129718
449,19/20,16,9,poisson_rolling_306,com_poisson_rolling_306,2.9064166697560836,2.780374747798021,0.12604192195806263,3.2423953806710344
450,19/20,17,1,poisson_rolling_306,com_poisson_rolling_306,3.0616073302622553,2.9635311400493833,0.09807619021287195,3.3404715708839063
451,19/20,17,2,poisson_rolling_306,com_poisson_rolling_306,3.0616073302622553,2.9635311400493833,0.09807619021287195,3.4385477610967783
452,19/20,17,3,poisson_rolling_306,com_poisson_rolling_306,2.9482872485967206,2.8207112345703536,0.1275760140263671,3.5661237751231454
453,19/20,17,4,poisson_rolling_306,com_poisson_rolling_306,3.24450490781026,3.197635227111647,0.04686968069861308,3.6129934558217585
454,19/20,17,5,poisson_rolling_306,com_poisson_rolling_306,2.9863159442023957,2.885238092199586,0.10107785200280972,3.714071307824568
455,19/20,17,6,poisson_rolling_306,com_poisson_rolling_306,2.9482872485967206,2.8207112345703536,0.1275760140263671,3.8416473218509353
456,19/20,17,7,poisson_rolling_306,com_poisson_rolling_306,2.9482872485967206,2.8207112345703536,0.1275760140263671,3.9692233358773024
457,19/20,17,8,poisson_rolling_306,com_poisson_rolling_306,2.9184955018163166,2.784551907079731,0.13394359473658568,4.103166930613888
458,19/20,17,9,poisson_rolling_306,com_poisson_rolling_306,3.2438959451119658,3.231957941180184,0.011938003931781793,4.11510493454567
459,19/20,18,1,poisson_rolling_306,com_poisson_rolling_306,3.358479267257131,3.344384127714889,0.014095139542241952,4.129200074087912
460,19/20,18,2,poisson_rolling_306,com_poisson_rolling_306,3.1398676695079004,3.0912261883348577,0.04864148117304268,4.1778415552609545
461,19/20,18,3,poisson_rolling_306,com_poisson_rolling_306,2.907222997201181,2.7675562305100385,0.13966676669114264,4.317508321952097
462,19/20,18,4,poisson_rolling_306,com_poisson_rolling_306,2.9416270613489743,2.819270522815245,0.12235653853372952,4.439864860485827
463,19/20,18,5,poisson_rolling_306,com_poisson_rolling_306,3.246636506740707,3.2358164619156042,0.01082004482510257,4.450684905310929
464,19/20,18,6,poisson_rolling_306,com_poisson_rolling_306,3.0537181194778427,2.9739696177993125,0.0797485016785302,4.530433406989459
465,19/20,18,7,poisson_rolling_306,com_poisson_rolling_306,3.8057126984449994,3.9280931387386744,-0.12238044029367501,4.408052966695784
466,19/20,18,8,poisson_rolling_306,com_poisson_rolling_306,4.862988877590446,5.314390802913678,-0.451401925323232,3.9566510413725524
467,19/20,19,1,poisson_rolling_306,com_poisson_rolling_306,2.9423663064834216,2.8238999203331048,0.1184663861503168,4.075117427522869
468,19/20,19,2,poisson_rolling_306,com_poisson_rolling_306,2.988816416490863,2.8878946838726165,0.10092173261824655,4.176039160141116
469,19/20,19,3,poisson_rolling_306,com_poisson_rolling_306,4.858527914676046,5.292190797189903,-0.43366288251385754,3.742376277627258
470,19/20,19,4,poisson_rolling_306,com_poisson_rolling_306,2.9073504531534127,2.771986772482336,0.13536368067107674,3.877739958298335
471,19/20,19,5,poisson_rolling_306,com_poisson_rolling_306,3.489063582513097,3.5129520743689113,-0.02388849185581421,3.8538514664425207
472,19/20,19,6,poisson_rolling_306,com_poisson_rolling_306,2.918058756985886,2.783114281439083,0.13494447554680278,3.9887959419893235
473,19/20,19,7,poisson_rolling_306,com_poisson_rolling_306,2.9941921474899402,2.877282580257571,0.11690956723236923,4.105705509221693
474,19/20,19,8,poisson_rolling_306,com_poisson_rolling_306,3.055069153794477,2.9779156833404556,0.07715347045402154,4.182858979675714
475,19/20,19,9,poisson_rolling_306,com_poisson_rolling_306,3.141524598415657,3.0944887366935063,0.047035861722150685,4.229894841397865
476,19/20,20,1,poisson_rolling_306,com_poisson_rolling_306,3.383559432846951,3.4180909697301303,-0.034531536883179115,4.195363304514686
477,19/20,20,2,poisson_rolling_306,com_poisson_rolling_306,3.4821387029278554,3.503593652853638,-0.021454949925782785,4.173908354588903
478,19/20,20,3,poisson_rolling_306,com_poisson_rolling_306,2.945694056369703,2.8173020729388014,0.12839198343090175,4.302300338019805
479,19/20,20,4,poisson_rolling_306,com_poisson_rolling_306,4.168906705713667,4.3929570535475335,-0.22405034783386668,4.078249990185938
480,19/20,20,5,poisson_rolling_306,com_poisson_rolling_306,3.254514169080508,3.2458587616277583,0.008655407452749841,4.086905397638688
481,19/20,20,6,poisson_rolling_306,com_poisson_rolling_306,2.945694056369703,2.8173020729388014,0.12839198343090175,4.21529738106959
482,19/20,20,7,poisson_rolling_306,com_poisson_rolling_306,3.0591497471459803,2.983692198879524,0.07545754826645634,4.290754929336046
483,19/20,20,8,poisson_rolling_306,com_poisson_rolling_306,3.973712301294583,4.139780598979527,-0.16606829768494435,4.124686631651102
484,19/20,20,9,poisson_rolling_306,com_poisson_rolling_306,2.9919798870975995,2.8926417070526185,0.09933818004498107,4.224024811696083
485,19/20,21,1,poisson_rolling_306,com_poisson_rolling_306,2.946287218881345,2.827283728681948,0.11900349019939682,4.34302830189548
486,19/20,21,2,poisson_rolling_306,com_poisson_rolling_306,4.635848116965512,5.0900917281943805,-0.45424361122886836,3.8887846906666113
487,19/20,21,3,poisson_rolling_306,com_poisson_rolling_306,3.053353713477243,2.95063139621584,0.1027223172614029,3.991507007928014
488,19/20,21,4,poisson_rolling_306,com_poisson_rolling_306,2.917666049478761,2.7865163629819847,0.1311496864967765,4.122656694424791
489,19/20,21,5,poisson_rolling_306,com_poisson_rolling_306,3.346084066199502,3.327997729219419,0.018086336980083217,4.140743031404874
490,19/20,21,6,poisson_rolling_306,com_poisson_rolling_306,2.994326474141026,2.8936790970440995,0.1006473770969265,4.2413904085018
491,19/20,21,7,poisson_rolling_306,com_poisson_rolling_306,3.2588768236464105,3.2518122064377337,0.007064617208676793,4.248455025710477
492,19/20,22,1,poisson_rolling_306,com_poisson_rolling_306,3.7870529059888085,3.904244237464937,-0.11719133147612837,4.131263694234349
493,19/20,22,2,poisson_rolling_306,com_poisson_rolling_306,3.3456878060321387,3.3274653196434514,0.018222486388687287,4.149486180623036
494,19/20,22,3,poisson_rolling_306,com_poisson_rolling_306,4.370319376292564,4.746075985399514,-0.37575660910695063,3.7737295715160855
495,19/20,22,4,poisson_rolling_306,com_poisson_rolling_306,3.3456878060321387,3.3274653196434514,0.018222486388687287,3.7919520579047727
496,19/20,22,5,poisson_rolling_306,com_poisson_rolling_306,3.389052837691814,3.4279671344636,-0.03891429677178593,3.753037761132987
497,19/20,22,6,poisson_rolling_306,com_poisson_rolling_306,2.990015355727614,2.867522449403012,0.1224929063246023,3.875530667457589
498,19/20,22,7,poisson_rolling_306,com_poisson_rolling_306,3.713600868534563,3.864985543025611,-0.1513846744910481,3.724145992966541
499,19/20,22,8,poisson_rolling_306,com_poisson_rolling_306,2.9081243088489472,2.7679988189620275,0.14012548988691975,3.864271482853461
500,19/20,22,9,poisson_rolling_306,com_poisson_rolling_306,2.9945409196442583,2.8919286446014922,0.10261227504276604,3.966883757896227
501,19/20,23,1,poisson_rolling_306,com_poisson_rolling_306,3.1518976696439864,3.1069862120772314,0.044911457566755075,4.011795215462982
502,19/20,23,2,poisson_rolling_306,com_poisson_rolling_306,2.9894095323325445,2.866776864780519,0.12263266755202551,4.134427883015007
503,19/20,23,3,poisson_rolling_306,com_poisson_rolling_306,3.2608668622660986,3.254703498815303,0.0061633634507956,4.140591246465803
504,19/20,23,4,poisson_rolling_306,com_poisson_rolling_306,2.99540056612274,2.8931131316049346,0.10228743451780531,4.242878680983608
505,19/20,23,5,poisson_rolling_306,com_poisson_rolling_306,3.22993064402921,3.176869888072872,0.05306075595633786,4.295939436939946
506,19/20,23,6,poisson_rolling_306,com_poisson_rolling_306,2.9170650634249427,2.7768694936539475,0.14019556977099512,4.436135006710941
507,19/20,23,7,poisson_rolling_306,com_poisson_rolling_306,3.0635477642245945,2.986640422185758,0.07690734203883665,4.513042348749778
508,19/20,23,8,poisson_rolling_306,com_poisson_rolling_306,3.052290596637093,2.9471857358138607,0.10510486082323212,4.61814720957301
509,19/20,24,1,poisson_rolling_306,com_poisson_rolling_306,3.1328366576275926,3.0491184483819893,0.08371820924560325,4.701865418818613
510,19/20,24,2,poisson_rolling_306,com_poisson_rolling_306,2.917094094790002,2.77320423560937,0.14388985918063213,4.845755277999245
511,19/20,24,3,poisson_rolling_306,com_poisson_rolling_306,2.94431813214473,2.8064575511941428,0.13786058095058706,4.9836158589498325
512,19/20,24,4,poisson_rolling_306,com_poisson_rolling_306,2.917094094790002,2.77320423560937,0.14388985918063213,5.127505718130465
513,19/20,24,5,poisson_rolling_306,com_poisson_rolling_306,2.9180364304291118,2.7807791017073384,0.13725732872177332,5.264763046852238
514,19/20,24,6,poisson_rolling_306,com_poisson_rolling_306,2.9951853748788437,2.8902759367317685,0.1049094381470752,5.369672484999313
515,19/20,24,7,poisson_rolling_306,com_poisson_rolling_306,2.9951853748788437,2.8902759367317685,0.1049094381470752,5.474581923146388
516,19/20,24,8,poisson_rolling_306,com_poisson_rolling_306,3.230264953655535,3.1762659338119477,0.05399901984358735,5.528580942989976
517,19/20,24,9,poisson_rolling_306,com_poisson_rolling_306,2.94431813214473,2.8064575511941428,0.13786058095058706,5.666441523940563
518,19/20,25,1,poisson_rolling_306,com_poisson_rolling_306,3.1312003762369827,3.043199736511127,0.08800063972585548,5.754442163666418
519,19/20,25,2,poisson_rolling_306,com_poisson_rolling_306,3.619188928035804,3.6920639095590673,-0.07287498152326322,5.681567182143155
520,19/20,25,3,poisson_rolling_306,com_poisson_rolling_306,2.9084143047584163,2.7575656824025145,0.1508486223559018,5.832415804499057
521,19/20,25,4,poisson_rolling_306,com_poisson_rolling_306,3.228262394255829,3.171577773604014,0.05668462065181501,5.889100425150872
522,19/20,25,5,poisson_rolling_306,com_poisson_rolling_306,2.996479317561061,2.887091214855758,0.10938810270530297,5.998488527856175
523,19/20,25,6,poisson_rolling_306,com_poisson_rolling_306,4.363347046161628,4.688560955027526,-0.32521390886589785,5.673274618990277
524,19/20,25,7,poisson_rolling_306,com_poisson_rolling_306,2.9084143047584163,2.7575656824025145,0.1508486223559018,5.824123241346179
525,19/20,25,8,poisson_rolling_306,com_poisson_rolling_306,3.228262394255829,3.171577773604014,0.05668462065181501,5.880807861997994
526,19/20,25,9,poisson_rolling_306,com_poisson_rolling_306,2.916922925435834,2.765773035983756,0.1511498894520784,6.031957751450072
527,19/20,26,1,poisson_rolling_306,com_poisson_rolling_306,3.119175809874477,3.027940927831409,0.09123488204306796,6.12319263349314
528,19/20,26,2,poisson_rolling_306,com_poisson_rolling_306,3.077592525261153,3.0012663449016515,0.07632618035950145,6.199518813852642
529,19/20,26,3,poisson_rolling_306,com_poisson_rolling_306,3.7452109430429488,3.920273942027265,-0.1750629989843162,6.024455814868325
530,19/20,26,4,poisson_rolling_306,com_poisson_rolling_306,2.9230301531332117,2.7824559185533673,0.14057423457984441,6.16503004944817
531,19/20,26,5,poisson_rolling_306,com_poisson_rolling_306,2.982118017401419,2.849209562721981,0.13290845467943768,6.2979385041276075
532,19/20,26,6,poisson_rolling_306,com_poisson_rolling_306,4.122943444189829,4.362016619605313,-0.23907317541548423,6.058865328712123
533,19/20,26,7,poisson_rolling_306,com_poisson_rolling_306,2.9101038237314043,2.761697315157008,0.1484065085743964,6.20727183728652
534,19/20,26,8,poisson_rolling_306,com_poisson_rolling_306,2.939984569620222,2.795529496292218,0.1444550733280039,6.3517269106145235
535,19/20,26,9,poisson_rolling_306,com_poisson_rolling_306,3.452276951313749,3.4684325388308963,-0.016155587517147296,6.335571323097376
536,19/20,27,1,poisson_rolling_306,com_poisson_rolling_306,3.0358058603152074,2.9171547840205534,0.11865107629465399,6.45422239939203
537,19/20,27,2,poisson_rolling_306,com_poisson_rolling_306,2.9153798333491068,2.7637092205827543,0.15167061276635252,6.605893012158383
538,19/20,27,3,poisson_rolling_306,com_poisson_rolling_306,2.926310617790051,2.785188257641906,0.14112236014814528,6.747015372306528
539,19/20,27,4,poisson_rolling_306,com_poisson_rolling_306,2.9153798333491068,2.7637092205827543,0.15167061276635252,6.8986859850728806
540,19/20,27,5,poisson_rolling_306,com_poisson_rolling_306,3.179811452060221,3.1424747009869947,0.03733675107322654,6.936022736146107
541,19/20,27,6,poisson_rolling_306,com_poisson_rolling_306,4.760262177382742,5.220642109900851,-0.4603799325181086,6.4756428036279985
542,19/20,27,7,poisson_rolling_306,com_poisson_rolling_306,2.9778579647593517,2.841844144772992,0.13601381998635986,6.611656623614358
543,19/20,27,8,poisson_rolling_306,com_poisson_rolling_306,3.5806222648144796,3.6398406372969845,-0.05921837248250483,6.5524382511318535
544,19/20,27,9,poisson_rolling_306,com_poisson_rolling_306,3.2035795702099676,3.138173029034462,0.0654065411755056,6.617844792307359
545,20/21,1,1,poisson_rolling_306,com_poisson_rolling_306,3.099117078479111,3.0000252219249006,0.09909185655421027,6.716936648861569
546,20/21,1,2,poisson_rolling_306,com_poisson_rolling_306,2.9685252678733605,2.846082008425256,0.12244325944810441,6.839379908309674
547,20/21,1,3,poisson_rolling_306,com_poisson_rolling_306,3.451584163592713,3.517564895427128,-0.065980731834415,6.773399176475259
548,20/21,1,4,poisson_rolling_306,com_poisson_rolling_306,3.188639233464727,3.1181026722183702,0.07053656124635665,6.8439357377216155
549,20/21,1,5,poisson_rolling_306,com_poisson_rolling_306,3.610958056023776,3.7369589451983387,-0.12600088917456276,6.717934848547053
550,20/21,1,6,poisson_rolling_306,com_poisson_rolling_306,4.270944844137858,4.5624491969579,-0.2915043528200414,6.426430495727011
551,20/21,1,7,poisson_rolling_306,com_poisson_rolling_306,3.0247149240690874,2.9255713094196523,0.09914361464943511,6.525574110376446
552,20/21,1,8,poisson_rolling_306,com_poisson_rolling_306,2.9716533779383383,2.833807091404978,0.13784628653336028,6.663420396909807
553,20/21,1,9,poisson_rolling_306,com_poisson_rolling_306,3.196902198370509,3.165641928863451,0.03126026950705807,6.694680666416865
554,20/21,1,10,poisson_rolling_306,com_poisson_rolling_306,3.2949685067667644,3.2589684451424006,0.036000061624363866,6.730680728041229
555,20/21,2,1,poisson_rolling_306,com_poisson_rolling_306,4.082069185911273,4.320658269103447,-0.2385890831921742,6.492091644849054
556,20/21,2,2,poisson_rolling_306,com_poisson_rolling_306,2.9150950550041372,2.757973504206788,0.15712155079734913,6.649213195646404
557,20/21,2,3,poisson_rolling_306,com_poisson_rolling_306,3.1900884537347096,3.155886923300514,0.034201530434195604,6.683414726080599
558,20/21,2,4,poisson_rolling_306,com_poisson_rolling_306,2.9651663831520736,2.837013777478788,0.1281526056732858,6.811567331753885
559,20/21,2,5,poisson_rolling_306,com_poisson_rolling_306,3.020204419376306,2.9159597600285707,0.10424465934773508,6.91581199110162
560,20/21,2,6,poisson_rolling_306,com_poisson_rolling_306,2.9651663831520736,2.837013777478788,0.1281526056732858,7.043964596774906
561,20/21,2,7,poisson_rolling_306,com_poisson_rolling_306,3.194493308515483,3.1239411756297812,0.07055213288570172,7.1145167296606076
562,20/21,2,8,poisson_rolling_306,com_poisson_rolling_306,2.9150950550041372,2.757973504206788,0.15712155079734913,7.271638280457957
563,20/21,2,9,poisson_rolling_306,com_poisson_rolling_306,2.9150950550041372,2.757973504206788,0.15712155079734913,7.428759831255306
564,20/21,2,10,poisson_rolling_306,com_poisson_rolling_306,2.912974677388455,2.7585185237939385,0.15445615359451637,7.583215984849822
565,20/21,3,1,poisson_rolling_306,com_poisson_rolling_306,3.024237012348806,2.9210968825609314,0.10314012978787446,7.686356114637697
566,20/21,3,2,poisson_rolling_306,com_poisson_rolling_306,3.024237012348806,2.9210968825609314,0.10314012978787446,7.789496244425571
567,20/21,3,3,poisson_rolling_306,com_poisson_rolling_306,3.4506216089930604,3.520558630450296,-0.06993702145723546,7.719559222968336
568,20/21,3,4,poisson_rolling_306,com_poisson_rolling_306,2.9139158926059565,2.759183253853763,0.15473263875219345,7.874291861720529
569,20/21,3,5,poisson_rolling_306,com_poisson_rolling_306,3.0996084525175718,2.996882859525982,0.10272559299158956,7.977017454712119
570,20/21,3,6,poisson_rolling_306,com_poisson_rolling_306,3.196181965210542,3.164178602176378,0.03200336303416407,8.009020817746283
571,20/21,3,7,poisson_rolling_306,com_poisson_rolling_306,2.9139158926059565,2.759183253853763,0.15473263875219345,8.163753456498476
572,20/21,3,8,poisson_rolling_306,com_poisson_rolling_306,3.295702202244911,3.259265940841715,0.03643626140319611,8.200189717901672
573,20/21,3,9,poisson_rolling_306,com_poisson_rolling_306,2.931518107254078,2.7868243131282497,0.1446937941258284,8.3448835120275
574,20/21,3,10,poisson_rolling_306,com_poisson_rolling_306,3.0270595701713887,2.9007102927459414,0.12634927742544733,8.471232789452948
575,20/21,4,1,poisson_rolling_306,com_poisson_rolling_306,2.970681487820549,2.8334660125668734,0.13721547525367583,8.608448264706624
576,20/21,4,2,poisson_rolling_306,com_poisson_rolling_306,3.096186705008826,2.9839407093431305,0.11224599566569538,8.72069426037232
577,20/21,4,3,poisson_rolling_306,com_poisson_rolling_306,2.970681487820549,2.8334660125668734,0.13721547525367583,8.857909735625995
578,20/21,4,4,poisson_rolling_306,com_poisson_rolling_306,3.0275978002187642,2.917659620500075,0.10993817971868936,8.967847915344684
579,20/21,4,5,poisson_rolling_306,com_poisson_rolling_306,3.201238386925162,3.1705020431629123,0.030736343762249874,8.998584259106934
580,20/21,4,6,poisson_rolling_306,com_poisson_rolling_306,3.0275978002187642,2.917659620500075,0.10993817971868936,9.108522438825624
581,20/21,4,7,poisson_rolling_306,com_poisson_rolling_306,2.9149753311506075,2.7433378373678465,0.17163749378276094,9.280159932608385
582,20/21,4,8,poisson_rolling_306,com_poisson_rolling_306,2.9331832612793747,2.776692808276948,0.15649045300242648,9.436650385610811
583,20/21,4,9,poisson_rolling_306,com_poisson_rolling_306,2.933566571260492,2.7657689288580514,0.16779764240244077,9.604448028013252
584,20/21,4,10,poisson_rolling_306,com_poisson_rolling_306,3.290584820891503,3.250808100284843,0.039776720606660376,9.644224748619912
585,20/21,5,1,poisson_rolling_306,com_poisson_rolling_306,3.2862327937667573,3.2443117535497095,0.04192104021704779,9.68614578883696
586,20/21,5,2,poisson_rolling_306,com_poisson_rolling_306,3.3238669652516677,3.3487353532204054,-0.024868387968737693,9.661277400868222
587,20/21,5,3,poisson_rolling_306,com_poisson_rolling_306,2.91498007536579,2.7397109019104846,0.17526917345530535,9.836546574323528
588,20/21,5,4,poisson_rolling_306,com_poisson_rolling_306,2.9154641024807546,2.744314085566373,0.1711500169143818,10.00769659123791
589,20/21,5,5,poisson_rolling_306,com_poisson_rolling_306,3.868386558019367,4.056738435889827,-0.18835187787045982,9.81934471336745
590,20/21,5,6,poisson_rolling_306,com_poisson_rolling_306,3.0932869349974084,2.977685017182921,0.11560191781448736,9.934946631181937
591,20/21,5,7,poisson_rolling_306,com_poisson_rolling_306,2.91498007536579,2.7397109019104846,0.17526917345530535,10.110215804637242
592,20/21,5,8,poisson_rolling_306,com_poisson_rolling_306,3.1813563052238436,3.0990447314551375,0.08231157376870613,10.192527378405948
593,20/21,5,9,poisson_rolling_306,com_poisson_rolling_306,3.4631874372208102,3.550826622674265,-0.08763918545345462,10.104888192952494
594,20/21,5,10,poisson_rolling_306,com_poisson_rolling_306,3.0223119981302062,2.88064130239826,0.14167069573194624,10.24655888868444
595,20/21,6,1,poisson_rolling_306,com_poisson_rolling_306,2.966036839083202,2.800150174751579,0.16588666433162302,10.412445553016063
596,20/21,6,2,poisson_rolling_306,com_poisson_rolling_306,2.9150686591735138,2.7350194783760315,0.18004918079748222,10.592494733813545
597,20/21,6,3,poisson_rolling_306,com_poisson_rolling_306,2.9150686591735138,2.7350194783760315,0.18004918079748222,10.772543914611028
598,20/21,6,4,poisson_rolling_306,com_poisson_rolling_306,3.474398215826355,3.5706730443930184,-0.09627482856666347,10.676269086044364
599,20/21,6,5,poisson_rolling_306,com_poisson_rolling_306,2.9315434963770457,2.7546449676068363,0.1768985287702094,10.853167614814573
600,20/21,6,6,poisson_rolling_306,com_poisson_rolling_306,3.6865476629991605,3.806749850711512,-0.12020218771235136,10.732965427102222
601,20/21,6,7,poisson_rolling_306,com_poisson_rolling_306,4.450731985556004,4.888188379781056,-0.4374563942250518,10.29550903287717
602,20/21,6,8,poisson_rolling_306,com_poisson_rolling_306,3.6865476629991605,3.806749850711512,-0.12020218771235136,10.175306845164819
603,20/21,6,9,poisson_rolling_306,com_poisson_rolling_306,3.3979952476205,3.4003803654786537,-0.0023851178581537624,10.172921727306665
604,20/21,6,10,poisson_rolling_306,com_poisson_rolling_306,2.9150686591735138,2.7350194783760315,0.18004918079748222,10.352970908104147
605,20/21,7,1,poisson_rolling_306,com_poisson_rolling_306,3.8243811551962494,4.009237696165869,-0.18485654096961923,10.168114367134528
606,20/21,7,2,poisson_rolling_306,com_poisson_rolling_306,3.07607860731639,2.946245327581991,0.12983327973439884,10.297947646868927
607,20/21,7,3,poisson_rolling_306,com_poisson_rolling_306,3.1596817983524943,3.0636259128788623,0.09605588547363197,10.394003532342559
608,20/21,7,4,poisson_rolling_306,com_poisson_rolling_306,2.986919544357164,2.8459199538391005,0.14099959051806366,10.535003122860623
609,20/21,7,5,poisson_rolling_306,com_poisson_rolling_306,2.9205866707515327,2.74108551784569,0.1795011529058428,10.714504275766465
610,20/21,7,6,poisson_rolling_306,com_poisson_rolling_306,2.9604528346746406,2.786488884980727,0.17396394969391338,10.888468225460379
611,20/21,7,7,poisson_rolling_306,com_poisson_rolling_306,4.0048341722222744,4.267450174197151,-0.26261600197487667,10.625852223485502
612,20/21,7,8,poisson_rolling_306,com_poisson_rolling_306,3.07607860731639,2.946245327581991,0.12983327973439884,10.755685503219901
613,20/21,7,9,poisson_rolling_306,com_poisson_rolling_306,3.1309394119438423,3.0637211018669603,0.06721831007688195,10.822903813296783
614,20/21,7,10,poisson_rolling_306,com_poisson_rolling_306,2.9604528346746406,2.786488884980727,0.17396394969391338,10.996867762990696
615,20/21,8,1,poisson_rolling_306,com_poisson_rolling_306,3.860810115442405,4.1434167571908915,-0.2826066417484867,10.71426112124221
616,20/21,8,2,poisson_rolling_306,com_poisson_rolling_306,3.0072868091411067,2.8514272916365826,0.1558595175045241,10.870120638746734
617,20/21,8,3,poisson_rolling_306,com_poisson_rolling_306,2.9590125077636458,2.785558474245562,0.17345403351808386,11.043574672264818
618,20/21,8,4,poisson_rolling_306,com_poisson_rolling_306,3.155713330679106,3.058412592668077,0.0973007380110289,11.140875410275846
619,20/21,8,5,poisson_rolling_306,com_poisson_rolling_306,3.155713330679106,3.058412592668077,0.0973007380110289,11.238176148286875
620,20/21,8,6,poisson_rolling_306,com_poisson_rolling_306,3.652093002682932,3.7617917433704804,-0.10969874068754848,11.128477407599327
621,20/21,8,7,poisson_rolling_306,com_poisson_rolling_306,4.843286546671138,5.585082610170446,-0.7417960634993079,10.386681344100019
622,20/21,8,8,poisson_rolling_306,com_poisson_rolling_306,3.503735242748462,3.5507542903971796,-0.04701904764871756,10.339662296451301
623,20/21,8,9,poisson_rolling_306,com_poisson_rolling_306,2.946159537507839,2.7835231077452534,0.16263642976258552,10.502298726213887
624,20/21,8,10,poisson_rolling_306,com_poisson_rolling_306,2.9896927853834825,2.8508189196884928,0.13887386569498972,10.641172591908877
625,20/21,9,1,poisson_rolling_306,com_poisson_rolling_306,4.863133218272466,5.6012267889365575,-0.7380935706640912,9.903079021244785
626,20/21,9,2,poisson_rolling_306,com_poisson_rolling_306,4.174577997585317,4.501418072086366,-0.32684007450104957,9.576238946743736
627,20/21,9,3,poisson_rolling_306,com_poisson_rolling_306,3.1427984881508166,3.081677915940233,0.061120572210583646,9.63735951895432
628,20/21,9,4,poisson_rolling_306,com_poisson_rolling_306,3.2474692344997607,3.187866901532672,0.0596023329670885,9.696961851921408
629,20/21,9,5,poisson_rolling_306,com_poisson_rolling_306,4.383110732341976,4.79829859852849,-0.41518786618651404,9.281773985734894
630,20/21,9,6,poisson_rolling_306,com_poisson_rolling_306,3.8028557549319544,3.9730975811719276,-0.1702418262399732,9.11153215949492
631,20/21,9,7,poisson_rolling_306,com_poisson_rolling_306,3.8028557549319544,3.9730975811719276,-0.1702418262399732,8.941290333254948
632,20/21,9,8,poisson_rolling_306,com_poisson_rolling_306,3.4931577144494668,3.5342920834964247,-0.041134369046957886,8.90015596420799
633,20/21,9,9,poisson_rolling_306,com_poisson_rolling_306,2.916367381829417,2.734488900303532,0.18187848152588515,9.082034445733875
634,20/21,9,10,poisson_rolling_306,com_poisson_rolling_306,2.9494111909816922,2.79033763886018,0.1590735521215123,9.241107997855387
635,20/21,10,1,poisson_rolling_306,com_poisson_rolling_306,3.3503652743273236,3.3311337697168995,0.01923150461042411,9.260339502465811
636,20/21,10,2,poisson_rolling_306,com_poisson_rolling_306,3.2374522317620986,3.179218584135839,0.05823364762625971,9.318573150092071
637,20/21,10,3,poisson_rolling_306,com_poisson_rolling_306,2.917156000934149,2.759217096089685,0.15793890484446393,9.476512054936535
638,20/21,10,4,poisson_rolling_306,com_poisson_rolling_306,3.3854921263218856,3.427844962478531,-0.042352836156645424,9.43415921877989
639,20/21,10,5,poisson_rolling_306,com_poisson_rolling_306,2.9990096799120707,2.8614831261807296,0.13752655373134104,9.57168577251123
640,20/21,10,6,poisson_rolling_306,com_poisson_rolling_306,3.4795388377643306,3.505423757956379,-0.025884920192048355,9.545800852319182
641,20/21,10,7,poisson_rolling_306,com_poisson_rolling_306,3.1410684911480544,3.0500480493661257,0.0910204417819287,9.63682129410111
642,20/21,10,8,poisson_rolling_306,com_poisson_rolling_306,2.9990096799120707,2.8614831261807296,0.13752655373134104,9.774347847832452
643,20/21,10,9,poisson_rolling_306,com_poisson_rolling_306,2.9538016840338983,2.816553139205382,0.13724854482851612,9.911596392660968
644,20/21,10,10,poisson_rolling_306,com_poisson_rolling_306,3.6247127425477643,3.7017305366120183,-0.07701779406425402,9.834578598596714
645,20/21,11,1,poisson_rolling_306,com_poisson_rolling_306,2.9594484192066517,2.8184674844203528,0.14098093478629892,9.975559533383013
646,20/21,11,2,poisson_rolling_306,com_poisson_rolling_306,3.1311983401179333,3.0327839096818536,0.09841443043607967,10.073973963819093
647,20/21,11,3,poisson_rolling_306,com_poisson_rolling_306,3.4630185926472876,3.485024087612686,-0.022005494965398498,10.051968468853694
648,20/21,11,4,poisson_rolling_306,com_poisson_rolling_306,2.9594484192066517,2.8184674844203528,0.14098093478629892,10.192949403639993
649,20/21,11,5,poisson_rolling_306,com_poisson_rolling_306,3.273245842910356,3.2709494474448206,0.0022963954655352836,10.195245799105528
650,20/21,11,6,poisson_rolling_306,com_poisson_rolling_306,2.929562813121734,2.7731278325044,0.15643498061733396,10.351680779722862
651,20/21,11,7,poisson_rolling_306,com_poisson_rolling_306,2.918369340048926,2.7538769496687507,0.16449239038017538,10.516173170103038
652,20/21,11,8,poisson_rolling_306,com_poisson_rolling_306,3.0538384158492846,2.9284400624235616,0.12539835342572303,10.64157152352876
653,20/21,11,9,poisson_rolling_306,com_poisson_rolling_306,2.92552500564436,2.7602361157893256,0.16528888985503443,10.806860413383795
654,20/21,11,10,poisson_rolling_306,com_poisson_rolling_306,2.929562813121734,2.7731278325044,0.15643498061733396,10.963295394001129
655,20/21,12,1,poisson_rolling_306,com_poisson_rolling_306,3.1362305829002324,3.0365406753114854,0.09968990758874696,11.062985301589876
656,20/21,12,2,poisson_rolling_306,com_poisson_rolling_306,3.2315353160963483,3.1674895950865363,0.06404572100981198,11.127031022599688
657,20/21,12,3,poisson_rolling_306,com_poisson_rolling_306,3.950749499831325,4.165364490454991,-0.21461499062366585,10.912416031976022
658,20/21,12,4,poisson_rolling_306,com_poisson_rolling_306,2.952318347691694,2.7879103633545554,0.16440798433713866,11.07682401631316
659,20/21,12,5,poisson_rolling_306,com_poisson_rolling_306,4.357960214638446,4.828470654788433,-0.47051044014998666,10.606313576163174
660,20/21,12,6,poisson_rolling_306,com_poisson_rolling_306,2.996329786500162,2.8463377710648814,0.14999201543528073,10.756305591598455
661,20/21,12,7,poisson_rolling_306,com_poisson_rolling_306,3.4714639072626383,3.499117748219149,-0.027653840956510578,10.728651750641944
662,20/21,12,8,poisson_rolling_306,com_poisson_rolling_306,2.956516827711802,2.80904075863468,0.14747606907712196,10.876127819719066
663,20/21,12,9,poisson_rolling_306,com_poisson_rolling_306,3.950749499831325,4.165364490454991,-0.21461499062366585,10.6615128290954
664,20/21,12,10,poisson_rolling_306,com_poisson_rolling_306,3.0577329680205665,2.9293546596023674,0.12837830841819908,10.7898911375136
665,20/21,13,1,poisson_rolling_306,com_poisson_rolling_306,2.950615964217832,2.7849864720402024,0.16562949217762934,10.955520629691229
666,20/21,13,2,poisson_rolling_306,com_poisson_rolling_306,3.4625763244389987,3.4867772480461383,-0.024200923607139657,10.93131970608409
667,20/21,13,3,poisson_rolling_306,com_poisson_rolling_306,3.008598220807386,2.886097710092315,0.12250051071507073,11.05382021679916
668,20/21,13,4,poisson_rolling_306,com_poisson_rolling_306,2.95960457713781,2.812942584830182,0.146661992307628,11.200482209106788
669,20/21,13,5,poisson_rolling_306,com_poisson_rolling_306,4.12768669710826,4.412956910845736,-0.2852702137374763,10.915211995369312
670,20/21,13,6,poisson_rolling_306,com_poisson_rolling_306,3.605473688579508,3.6852292301667546,-0.07975554158724663,10.835456453782065
671,20/21,13,7,poisson_rolling_306,com_poisson_rolling_306,3.4625763244389987,3.4867772480461383,-0.024200923607139657,10.811255530174925
672,20/21,13,8,poisson_rolling_306,com_poisson_rolling_306,3.4026777226404192,3.459120648111764,-0.05644292547134455,10.75481260470358
673,20/21,13,9,poisson_rolling_306,com_poisson_rolling_306,3.0770099503340305,2.9867376570286694,0.09027229330536102,10.845084898008942
674,20/21,13,10,poisson_rolling_306,com_poisson_rolling_306,2.9934298698013606,2.8417779408009665,0.15165192900039415,10.996736827009336
675,20/21,14,1,poisson_rolling_306,com_poisson_rolling_306,2.924927154249481,2.72057316934837,0.20435398490111112,11.201090811910447
676,20/21,14,2,poisson_rolling_306,com_poisson_rolling_306,2.924927154249481,2.72057316934837,0.20435398490111112,11.405444796811558
677,20/21,14,3,poisson_rolling_306,com_poisson_rolling_306,3.3250599747652885,3.296495677805126,0.028564296960162494,11.43400909377172
678,20/21,14,4,poisson_rolling_306,com_poisson_rolling_306,4.394212646519982,4.998565861237353,-0.6043532147173707,10.82965587905435
679,20/21,14,5,poisson_rolling_306,com_poisson_rolling_306,3.174694671068103,3.1254723165314715,0.049222354536631485,10.878878233590981
680,20/21,14,6,poisson_rolling_306,com_poisson_rolling_306,2.948367341834377,2.751289971018423,0.1970773708159541,11.075955604406936
681,20/21,14,7,poisson_rolling_306,com_poisson_rolling_306,3.415496368350098,3.4982049851420527,-0.08270861679195463,10.993246987614981
682,20/21,14,8,poisson_rolling_306,com_poisson_rolling_306,3.284785876107726,3.2962794625654794,-0.011493586457753224,10.981753401157228
683,20/21,14,9,poisson_rolling_306,com_poisson_rolling_306,2.932432928753208,2.741218479192611,0.1912144495605972,11.172967850717825
684,20/21,14,10,poisson_rolling_306,com_poisson_rolling_306,3.415496368350098,3.4982049851420527,-0.08270861679195463,11.09025923392587
685,20/21,15,1,poisson_rolling_306,com_poisson_rolling_306,2.95111824818202,2.763946661308438,0.18717158687358193,11.277430820799452
686,20/21,15,2,poisson_rolling_306,com_poisson_rolling_306,4.129819911358005,4.568439171768119,-0.438619260410114,10.838811560389338
687,20/21,15,3,poisson_rolling_306,com_poisson_rolling_306,3.5496786730202317,3.6953159501673554,-0.1456372771471237,10.693174283242215
688,20/21,15,4,poisson_rolling_306,com_poisson_rolling_306,3.271270779961249,3.273829912454943,-0.002559132493693994,10.69061515074852
689,20/21,15,5,poisson_rolling_306,com_poisson_rolling_306,2.9256448102853554,2.730611862081986,0.19503294820336947,10.88564809895189
690,20/21,15,6,poisson_rolling_306,com_poisson_rolling_306,2.9181898778913435,2.7239833256707016,0.19420655222064198,11.079854651172532
691,20/21,15,7,poisson_rolling_306,com_poisson_rolling_306,2.95111824818202,2.763946661308438,0.18717158687358193,11.267026238046114
692,20/21,15,8,poisson_rolling_306,com_poisson_rolling_306,3.7674945689525785,3.9385781568891787,-0.17108358793660017,11.095942650109514
693,20/21,15,9,poisson_rolling_306,com_poisson_rolling_306,3.054856020886014,2.908860682803862,0.1459953380821517,11.241937988191665
694,20/21,15,10,poisson_rolling_306,com_poisson_rolling_306,3.337977132671746,3.3152282157185198,0.022748916953226228,11.264686905144892
695,20/21,16,1,poisson_rolling_306,com_poisson_rolling_306,2.9512872813205178,2.7763283832306485,0.1749588980898693,11.439645803234761
696,20/21,16,2,poisson_rolling_306,com_poisson_rolling_306,3.0552645176263553,2.9183717610167577,0.13689275660959765,11.576538559844359
697,20/21,16,3,poisson_rolling_306,com_poisson_rolling_306,2.92889392190132,2.7562107845092356,0.17268313739208452,11.749221697236443
698,20/21,16,4,poisson_rolling_306,com_poisson_rolling_306,3.609496894176246,3.6985854827513407,-0.08908858857509472,11.660133108661348
699,20/21,16,5,poisson_rolling_306,com_poisson_rolling_306,2.9583605293867805,2.802852388004297,0.1555081413824837,11.815641250043832
700,20/21,16,6,poisson_rolling_306,com_poisson_rolling_306,3.9432502053564207,4.172543839224701,-0.22929363386828072,11.586347616175551
701,20/21,16,7,poisson_rolling_306,com_poisson_rolling_306,3.7686214564983658,3.9243666462546543,-0.15574518975628848,11.430602426419263
702,20/21,16,8,poisson_rolling_306,com_poisson_rolling_306,3.4661206888223006,3.495553056558137,-0.02943236773583635,11.401170058683427
703,20/21,16,9,poisson_rolling_306,com_poisson_rolling_306,2.9945800281174826,2.8347887558188773,0.15979127229860524,11.560961330982032
704,20/21,16,10,poisson_rolling_306,com_poisson_rolling_306,2.9256941116229456,2.7434353146314976,0.18225879699144798,11.74322012797348
705,20/21,17,1,poisson_rolling_306,com_poisson_rolling_306,3.4026777226404192,3.4652223581380213,-0.06254463549760203,11.680675492475878
706,20/21,17,2,poisson_rolling_306,com_poisson_rolling_306,2.95960457713781,2.8044012804317617,0.15520329670604838,11.835878789181926
707,20/21,17,3,poisson_rolling_306,com_poisson_rolling_306,2.929659128438942,2.75703620402669,0.17262292441225213,12.008501713594178
708,20/21,17,4,poisson_rolling_306,com_poisson_rolling_306,3.552767483181327,3.68624137254875,-0.13347388936742277,11.875027824226756
709,20/21,17,5,poisson_rolling_306,com_poisson_rolling_306,2.929659128438942,2.75703620402669,0.17262292441225213,12.047650748639008
710,20/21,17,6,poisson_rolling_306,com_poisson_rolling_306,2.950615964217832,2.7750789958452913,0.17553696837254051,12.223187717011548
711,20/21,17,7,poisson_rolling_306,com_poisson_rolling_306,3.130935599751467,3.0234612629560047,0.10747433679546248,12.33066205380701
712,20/21,17,8,poisson_rolling_306,com_poisson_rolling_306,2.95960457713781,2.8044012804317617,0.15520329670604838,12.485865350513059
713,20/21,17,9,poisson_rolling_306,com_poisson_rolling_306,3.008598220807386,2.8792981976526733,0.12930002315471256,12.615165373667772
714,20/21,17,10,poisson_rolling_306,com_poisson_rolling_306,3.605473688579508,3.693017806689113,-0.08754411810960505,12.527621255558167
715,20/21,18,1,poisson_rolling_306,com_poisson_rolling_306,2.9255485725294363,2.735608224179643,0.18994034834979345,12.71756160390796
716,20/21,18,2,poisson_rolling_306,com_poisson_rolling_306,3.225688180564589,3.1544766426897723,0.0712115378748166,12.788773141782777
717,20/21,18,3,poisson_rolling_306,com_poisson_rolling_306,3.606478135849187,3.7002090271125923,-0.09373089126340517,12.695042250519371
718,20/21,18,4,poisson_rolling_306,com_poisson_rolling_306,2.9937161842156,2.8270419281620462,0.1666742560535539,12.861716506572925
719,20/21,18,5,poisson_rolling_306,com_poisson_rolling_306,3.1314612917842055,3.020537274011545,0.11092401777266048,12.972640524345586
720,20/21,18,6,poisson_rolling_306,com_poisson_rolling_306,2.9937161842156,2.8270419281620462,0.1666742560535539,13.13931478039914
721,20/21,18,7,poisson_rolling_306,com_poisson_rolling_306,4.129050210805644,4.453918369279748,-0.32486815847410355,12.814446621925036
722,20/21,18,8,poisson_rolling_306,com_poisson_rolling_306,3.1314612917842055,3.020537274011545,0.11092401777266048,12.925370639697697
723,20/21,18,9,poisson_rolling_306,com_poisson_rolling_306,3.1314612917842055,3.020537274011545,0.11092401777266048,13.036294657470357
724,20/21,18,10,poisson_rolling_306,com_poisson_rolling_306,2.9255485725294363,2.735608224179643,0.18994034834979345,13.22623500582015
725,20/21,19,1,poisson_rolling_306,com_poisson_rolling_306,3.1175636460285645,2.999962865988337,0.11760078004022745,13.343835785860378
726,20/21,19,2,poisson_rolling_306,com_poisson_rolling_306,3.091600019462156,3.0003486170516993,0.0912514024104567,13.435087188270835
727,20/21,19,3,poisson_rolling_306,com_poisson_rolling_306,3.9511697391194147,4.288070536509636,-0.3369007973902214,13.098186390880613
728,20/21,19,4,poisson_rolling_306,com_poisson_rolling_306,2.920568316168776,2.732119778400616,0.18844853776815995,13.286634928648773
729,20/21,19,5,poisson_rolling_306,com_poisson_rolling_306,2.934928523283382,2.7574824440639105,0.17744607921947164,13.464081007868245
730,20/21,19,6,poisson_rolling_306,com_poisson_rolling_306,2.9679808634101548,2.8102895664567455,0.15769129695340922,13.621772304821654
731,20/21,19,7,poisson_rolling_306,com_poisson_rolling_306,3.294445223281194,3.306730178211936,-0.012284954930741776,13.609487349890912
732,20/21,19,8,poisson_rolling_306,com_poisson_rolling_306,2.920568316168776,2.732119778400616,0.18844853776815995,13.797935887659072
733,20/21,19,9,poisson_rolling_306,com_poisson_rolling_306,2.9679808634101548,2.8102895664567455,0.15769129695340922,13.955627184612482
734,20/21,19,10,poisson_rolling_306,com_poisson_rolling_306,3.020081398507635,2.8910639284529367,0.12901747005469844,14.08464465466718
735,20/21,20,1,poisson_rolling_306,com_poisson_rolling_306,3.2113746449173206,3.124506770523652,0.08686787439366839,14.171512529060848
736,20/21,20,2,poisson_rolling_306,com_poisson_rolling_306,3.018058720595427,2.8677178719892424,0.15034084860618435,14.321853377667033
737,20/21,20,3,poisson_rolling_306,com_poisson_rolling_306,2.9201567610091317,2.6981902291442736,0.22196653186485804,14.54381990953189
738,20/21,20,4,poisson_rolling_306,com_poisson_rolling_306,3.0890403006324547,2.9844916730336877,0.10454862759876704,14.648368537130658
739,20/21,20,5,poisson_rolling_306,com_poisson_rolling_306,2.9201567610091317,2.6981902291442736,0.22196653186485804,14.870335068995516
740,20/21,20,6,poisson_rolling_306,com_poisson_rolling_306,3.584095982243092,3.6945801277579733,-0.1104841455148815,14.759850923480634
741,20/21,20,7,poisson_rolling_306,com_poisson_rolling_306,2.9874712665271588,2.788306049813542,0.19916521671361664,14.959016140194251
742,20/21,20,8,poisson_rolling_306,com_poisson_rolling_306,3.2908114226164216,3.3120295827241932,-0.021218160107771666,14.93779798008648
743,20/21,20,9,poisson_rolling_306,com_poisson_rolling_306,3.9117519099756564,4.199055375955112,-0.28730346597945555,14.650494514107024
744,20/21,20,10,poisson_rolling_306,com_poisson_rolling_306,3.4224176244699365,3.524077101026336,-0.1016594765563994,14.548835037550624
745,20/21,21,1,poisson_rolling_306,com_poisson_rolling_306,2.937532759202192,2.7195099028401586,0.21802285636203322,14.766857893912658
746,20/21,21,2,poisson_rolling_306,com_poisson_rolling_306,3.0984963574543727,2.995599994266641,0.10289636318773177,14.86975425710039
747,20/21,21,3,poisson_rolling_306,com_poisson_rolling_306,4.720553596378359,5.503301369827156,-0.7827477734487971,14.087006483651592
748,20/21,21,4,poisson_rolling_306,com_poisson_rolling_306,3.56797139815243,3.679585752300383,-0.11161435414795307,13.97539212950364
749,20/21,21,5,poisson_rolling_306,com_poisson_rolling_306,3.0984963574543727,2.995599994266641,0.10289636318773177,14.078288492691371
750,20/21,21,6,poisson_rolling_306,com_poisson_rolling_306,2.944876818623989,2.714616087591068,0.23026073103292077,14.308549223724292
751,20/21,21,7,poisson_rolling_306,com_poisson_rolling_306,3.0388211882648832,2.8548382543936413,0.18398293387124198,14.492532157595534
752,20/21,21,8,poisson_rolling_306,com_poisson_rolling_306,2.937532759202192,2.7195099028401586,0.21802285636203322,14.710555013957567
753,20/21,21,9,poisson_rolling_306,com_poisson_rolling_306,3.0255470358087067,2.8724800242705584,0.15306701153814828,14.863622025495715
754,20/21,21,10,poisson_rolling_306,com_poisson_rolling_306,3.0255470358087067,2.8724800242705584,0.15306701153814828,15.016689037033863
755,20/21,22,1,poisson_rolling_306,com_poisson_rolling_306,3.104321386870936,3.0073785034998792,0.09694288337105661,15.11363192040492
756,20/21,22,2,poisson_rolling_306,com_poisson_rolling_306,2.939785721756266,2.7309510045035807,0.2088347172526852,15.322466637657605
757,20/21,22,3,poisson_rolling_306,com_poisson_rolling_306,4.4461609814364635,5.17424507730378,-0.7280840958673167,14.594382541790289
758,20/21,22,4,poisson_rolling_306,com_poisson_rolling_306,2.9241716669046696,2.695605011118957,0.22856665578571267,14.822949197576001
759,20/21,22,5,poisson_rolling_306,com_poisson_rolling_306,3.4471740023968493,3.5661122192277475,-0.11893821683089811,14.704010980745103
760,20/21,22,6,poisson_rolling_306,com_poisson_rolling_306,2.939785721756266,2.7309510045035807,0.2088347172526852,14.912845697997788
761,20/21,22,7,poisson_rolling_306,com_poisson_rolling_306,3.106692506629713,2.9633141528138225,0.1433783538158906,15.056224051813679
762,20/21,22,8,poisson_rolling_306,com_poisson_rolling_306,3.030181376271088,2.8846890544670174,0.14549232180407046,15.20171637361775
763,20/21,22,9,poisson_rolling_306,com_poisson_rolling_306,3.1982640247669565,3.1614188969070227,0.03684512785993377,15.238561501477683
764,20/21,22,10,poisson_rolling_306,com_poisson_rolling_306,3.4211483880976914,3.4452121582087756,-0.024063770111084182,15.214497731366599
765,20/21,23,1,poisson_rolling_306,com_poisson_rolling_306,3.1908993448424425,3.149686630698625,0.041212714143817664,15.255710445510417
766,20/21,23,2,poisson_rolling_306,com_poisson_rolling_306,3.2014596125748866,3.1114674696477778,0.08999214292710889,15.345702588437526
767,20/21,23,3,poisson_rolling_306,com_poisson_rolling_306,3.1118304330431314,2.978104293197646,0.13372613984548565,15.479428728283011
768,20/21,23,4,poisson_rolling_306,com_poisson_rolling_306,2.944944858827647,2.735428112668899,0.20951674615874794,15.68894547444176
769,20/21,23,5,poisson_rolling_306,com_poisson_rolling_306,2.9243085507829036,2.7085373851724057,0.21577116561049792,15.904716640052257
770,20/21,23,6,poisson_rolling_306,com_poisson_rolling_306,3.7679505683863894,4.060038303021145,-0.29208773463475524,15.612628905417502
771,20/21,23,7,poisson_rolling_306,com_poisson_rolling_306,2.921690748240813,2.709453507369261,0.21223724087155205,15.824866146289054
772,20/21,23,8,poisson_rolling_306,com_poisson_rolling_306,4.697090241482407,5.513746392668111,-0.816656151185704,15.00820999510335
773,20/21,23,9,poisson_rolling_306,com_poisson_rolling_306,2.9718455535051973,2.7967663602845505,0.1750791932206468,15.183289188323997
774,20/21,23,10,poisson_rolling_306,com_poisson_rolling_306,2.9374220843669363,2.7386867250585567,0.1987353593083796,15.382024547632376
775,20/21,24,1,poisson_rolling_306,com_poisson_rolling_306,3.115807011049405,2.9829792155715467,0.1328277954778585,15.514852343110235
776,20/21,24,2,poisson_rolling_306,com_poisson_rolling_306,3.313501931715102,3.2794849940132025,0.03401693770189951,15.548869280812134
777,20/21,24,3,poisson_rolling_306,com_poisson_rolling_306,4.683901482629345,5.505120734625947,-0.8212192519966024,14.727650028815532
778,20/21,24,4,poisson_rolling_306,com_poisson_rolling_306,3.313501931715102,3.2794849940132025,0.03401693770189951,14.761666966517431
779,20/21,24,5,poisson_rolling_306,com_poisson_rolling_306,4.087887374109066,4.4551717980642,-0.36728442395513383,14.394382542562298
780,20/21,24,6,poisson_rolling_306,com_poisson_rolling_306,3.1853396245935173,3.141089410531478,0.044250214062039106,14.438632756624337
781,20/21,24,7,poisson_rolling_306,com_poisson_rolling_306,3.2972810793477763,3.31970436088541,-0.022423281537633954,14.416209475086703
782,20/21,24,8,poisson_rolling_306,com_poisson_rolling_306,2.9244706094870807,2.7063908775637486,0.21807973192333208,14.634289207010035
783,20/21,24,9,poisson_rolling_306,com_poisson_rolling_306,6.739163900906583,8.516187666878565,-1.7770237659719825,12.857265441038052
784,20/21,24,10,poisson_rolling_306,com_poisson_rolling_306,2.9244706094870807,2.7063908775637486,0.21807973192333208,13.075345172961384
785,20/21,25,1,poisson_rolling_306,com_poisson_rolling_306,3.1922962342554086,3.1522168475049597,0.040079386750448975,13.115424559711833
786,20/21,25,2,poisson_rolling_306,com_poisson_rolling_306,4.074581764447331,4.3857501489039095,-0.3111683844565789,12.804256175255254
787,20/21,25,3,poisson_rolling_306,com_poisson_rolling_306,3.72044704876366,3.869376966171714,-0.14892991740805428,12.6553262578472
788,20/21,25,4,poisson_rolling_306,com_poisson_rolling_306,2.9725276466317183,2.813079001696039,0.15944864493567934,12.81477490278288
789,20/21,25,5,poisson_rolling_306,com_poisson_rolling_306,2.944673890238917,2.7541467110163325,0.19052717922258466,13.005302082005464
790,20/21,25,6,poisson_rolling_306,com_poisson_rolling_306,2.924275847623008,2.728302410110146,0.1959734375128619,13.201275519518326
791,20/21,25,7,poisson_rolling_306,com_poisson_rolling_306,3.1108446681679567,2.987361122200852,0.12348354596710465,13.32475906548543
792,20/21,25,8,poisson_rolling_306,com_poisson_rolling_306,3.1108446681679567,2.987361122200852,0.12348354596710465,13.448242611452535
793,20/21,25,9,poisson_rolling_306,com_poisson_rolling_306,2.9725276466317183,2.813079001696039,0.15944864493567934,13.607691256388215
794,20/21,25,10,poisson_rolling_306,com_poisson_rolling_306,3.1108446681679567,2.987361122200852,0.12348354596710465,13.73117480235532
795,20/21,26,1,poisson_rolling_306,com_poisson_rolling_306,3.546850499189233,3.624629046671359,-0.07777854748212576,13.653396254873194
796,20/21,26,2,poisson_rolling_306,com_poisson_rolling_306,3.9952646715665168,4.396475927982252,-0.40121125641573485,13.252184998457459
797,20/21,26,3,poisson_rolling_306,com_poisson_rolling_306,2.942079447287014,2.7381873316628997,0.20389211562411447,13.456077114081573
798,20/21,26,4,poisson_rolling_306,com_poisson_rolling_306,2.9796890158981597,2.8143227881827926,0.16536622771536713,13.62144334179694
799,20/21,26,5,poisson_rolling_306,com_poisson_rolling_306,2.9777381139477797,2.7876721685282604,0.19006594541951927,13.81150928721646
800,20/21,26,6,poisson_rolling_306,com_poisson_rolling_306,3.2913665901001963,3.245620357644256,0.04574623245594012,13.8572555196724
801,20/21,26,7,poisson_rolling_306,com_poisson_rolling_306,3.0307885233204246,2.863602447423645,0.16718607589677958,14.02444159556918
802,20/21,26,8,poisson_rolling_306,com_poisson_rolling_306,2.9796890158981597,2.8143227881827926,0.16536622771536713,14.189807823284546
803,20/21,26,9,poisson_rolling_306,com_poisson_rolling_306,3.100933366052331,2.9655260873023366,0.13540727874999448,14.32521510203454
804,20/21,26,10,poisson_rolling_306,com_poisson_rolling_306,3.1114048669399352,3.0240802153639237,0.08732465157601155,14.412539753610552
805,20/21,27,1,poisson_rolling_306,com_poisson_rolling_306,2.925729492747834,2.706816559587537,0.21891293316029703,14.63145268677085
806,20/21,27,2,poisson_rolling_306,com_poisson_rolling_306,3.215745443555747,3.1886595270671876,0.027085916488559292,14.658538603259409
807,20/21,27,3,poisson_rolling_306,com_poisson_rolling_306,3.02640123296986,2.8442787539730716,0.18212247899678857,14.840661082256197
808,20/21,27,4,poisson_rolling_306,com_poisson_rolling_306,3.0950618233438973,2.9470090741839385,0.1480527491599588,14.988713831416156
809,20/21,27,5,poisson_rolling_306,com_poisson_rolling_306,4.484020871677458,5.218588892064616,-0.7345680203871581,14.254145811028998
810,20/21,27,6,poisson_rolling_306,com_poisson_rolling_306,3.4007840741895023,3.4119790373188152,-0.011194963129312896,14.242950847899685
811,20/21,27,7,poisson_rolling_306,com_poisson_rolling_306,2.925729492747834,2.706816559587537,0.21891293316029703,14.461863781059982
812,20/21,27,8,poisson_rolling_306,com_poisson_rolling_306,3.02640123296986,2.8442787539730716,0.18212247899678857,14.64398626005677
813,20/21,27,9,poisson_rolling_306,com_poisson_rolling_306,2.984207239694726,2.809126251333197,0.17508098836152897,14.8190672484183
814,20/21,27,10,poisson_rolling_306,com_poisson_rolling_306,2.984207239694726,2.809126251333197,0.17508098836152897,14.994148236779829
815,20/21,28,1,poisson_rolling_306,com_poisson_rolling_306,2.939766273206253,2.7223523871428625,0.2174138860633903,15.211562122843219
816,20/21,28,2,poisson_rolling_306,com_poisson_rolling_306,3.339971888245337,3.3870894969007708,-0.047117608655433685,15.164444514187785
817,20/21,28,3,poisson_rolling_306,com_poisson_rolling_306,2.939766273206253,2.7223523871428625,0.2174138860633903,15.381858400251176
818,20/21,28,4,poisson_rolling_306,com_poisson_rolling_306,3.091143330755038,2.9431898388099427,0.14795349194509555,15.529811892196271
819,20/21,28,5,poisson_rolling_306,com_poisson_rolling_306,2.926851173730533,2.7123668641418845,0.21448430958864861,15.74429620178492
820,20/21,28,6,poisson_rolling_306,com_poisson_rolling_306,2.926851173730533,2.7123668641418845,0.21448430958864861,15.958780511373568
821,20/21,28,7,poisson_rolling_306,com_poisson_rolling_306,3.0459861597705853,2.9133894450584563,0.13259671471212897,16.091377226085697
822,20/21,28,8,poisson_rolling_306,com_poisson_rolling_306,3.3938414774576913,3.4000105714952866,-0.006169094037595357,16.085208132048102
823,20/21,28,9,poisson_rolling_306,com_poisson_rolling_306,2.926851173730533,2.7123668641418845,0.21448430958864861,16.29969244163675
824,20/21,28,10,poisson_rolling_306,com_poisson_rolling_306,2.926851173730533,2.7123668641418845,0.21448430958864861,16.5141767512254
825,20/21,29,1,poisson_rolling_306,com_poisson_rolling_306,3.6400189535768916,3.8624536666126517,-0.22243471303576,16.29174203818964
826,20/21,29,2,poisson_rolling_306,com_poisson_rolling_306,2.927054810821012,2.7144263353800397,0.2126284754409724,16.50437051363061
827,20/21,29,3,poisson_rolling_306,com_poisson_rolling_306,2.9396143442049336,2.723890652760531,0.21572369144440273,16.720094205075014
828,20/21,29,4,poisson_rolling_306,com_poisson_rolling_306,2.927054810821012,2.7144263353800397,0.2126284754409724,16.932722680515987
829,20/21,29,5,poisson_rolling_306,com_poisson_rolling_306,3.124960184566227,3.0420391848524275,0.0829209997137994,17.015643680229786
830,20/21,29,6,poisson_rolling_306,com_poisson_rolling_306,2.927054810821012,2.7144263353800397,0.2126284754409724,17.22827215567076
831,20/21,29,7,poisson_rolling_306,com_poisson_rolling_306,3.124960184566227,3.0420391848524275,0.0829209997137994,17.311193155384558
832,20/21,29,8,poisson_rolling_306,com_poisson_rolling_306,3.1747399435463493,3.0691331898424323,0.10560675370391692,17.416799909088475
833,20/21,29,9,poisson_rolling_306,com_poisson_rolling_306,4.250713447274769,4.8264440420257415,-0.5757305947509721,16.841069314337503
834,20/21,29,10,poisson_rolling_306,com_poisson_rolling_306,3.022983280002201,2.8433805590564702,0.1796027209457307,17.020672035283233
835,20/21,30,1,poisson_rolling_306,com_poisson_rolling_306,2.924601701002544,2.7134619564752143,0.21113974452732975,17.231811779810563
836,20/21,30,2,poisson_rolling_306,com_poisson_rolling_306,3.2888778280356945,3.2414929680671207,0.04738485996857378,17.279196639779137
837,20/21,30,3,poisson_rolling_306,com_poisson_rolling_306,3.694604780996272,3.853371923940415,-0.15876714294414285,17.120429496834994
838,20/21,30,4,poisson_rolling_306,com_poisson_rolling_306,3.408203799135535,3.420866032030915,-0.012662232895380043,17.107767263939614
839,20/21,30,5,poisson_rolling_306,com_poisson_rolling_306,3.1858123778076077,3.087238151302529,0.09857422650507885,17.206341490444693
840,20/21,30,6,poisson_rolling_306,com_poisson_rolling_306,3.1134900453612744,3.0250622626636243,0.08842778269765006,17.294769273142343
841,20/21,30,7,poisson_rolling_306,com_poisson_rolling_306,5.442327548627574,6.513511444836126,-1.0711838962085523,16.22358537693379
842,20/21,30,8,poisson_rolling_306,com_poisson_rolling_306,2.9416697490797077,2.7299189860515867,0.21175076302812101,16.435336139961912
843,20/21,30,9,poisson_rolling_306,com_poisson_rolling_306,4.239914170473625,4.680869196885851,-0.44095502641222595,15.994381113549686
844,20/21,30,10,poisson_rolling_306,com_poisson_rolling_306,2.924601701002544,2.7134619564752143,0.21113974452732975,16.205520858077016
845,20/21,31,1,poisson_rolling_306,com_poisson_rolling_306,3.271063077963298,3.2155327174206576,0.05553036054264027,16.261051218619656
846,20/21,31,2,poisson_rolling_306,com_poisson_rolling_306,2.927956949572369,2.7320791774622393,0.1958777721101299,16.456928990729786
847,20/21,31,3,poisson_rolling_306,com_poisson_rolling_306,3.22775213004973,3.2051017253879905,0.022650404661739287,16.479579395391525
848,20/21,31,4,poisson_rolling_306,com_poisson_rolling_306,3.6677171743629557,3.7976164526332212,-0.12989927827026548,16.34968011712126
849,20/21,31,5,poisson_rolling_306,com_poisson_rolling_306,4.509718479708702,5.162358768058439,-0.6526402883497369,15.697039828771523
850,20/21,31,6,poisson_rolling_306,com_poisson_rolling_306,2.990346388387046,2.8348854384896782,0.15546094989736758,15.85250077866889
851,20/21,31,7,poisson_rolling_306,com_poisson_rolling_306,2.927956949572369,2.7320791774622393,0.1958777721101299,16.04837855077902
852,20/21,31,8,poisson_rolling_306,com_poisson_rolling_306,3.346764531404652,3.3883990012807175,-0.04163446987606534,16.006744080902955
853,20/21,31,9,poisson_rolling_306,com_poisson_rolling_306,3.0875100504989277,2.9489558350663714,0.1385542154325563,16.14529829633551
854,20/21,31,10,poisson_rolling_306,com_poisson_rolling_306,2.9711949949778713,2.7833642514561205,0.18783074352175078,16.333129039857262
855,20/21,32,1,poisson_rolling_306,com_poisson_rolling_306,2.9400234225108974,2.742051813786915,0.19797160872398223,16.531100648581244
856,20/21,32,2,poisson_rolling_306,com_poisson_rolling_306,3.635686448105041,3.8301293875751554,-0.1944429394701146,16.33665770911113
857,20/21,32,3,poisson_rolling_306,com_poisson_rolling_306,3.177045655363422,3.0792173424062383,0.09782831295718353,16.434486022068313
858,20/21,32,4,poisson_rolling_306,com_poisson_rolling_306,2.986416638083135,2.8297154165989156,0.1567012214842194,16.591187243552532
859,20/21,32,5,poisson_rolling_306,com_poisson_rolling_306,3.220089820091424,3.193574189625437,0.026515630465986817,16.61770287401852
860,20/21,32,6,poisson_rolling_306,com_poisson_rolling_306,3.395876878753647,3.398176185872771,-0.002299307119123739,16.615403566899396
861,20/21,32,7,poisson_rolling_306,com_poisson_rolling_306,2.986416638083135,2.8297154165989156,0.1567012214842194,16.772104788383615
862,20/21,32,8,poisson_rolling_306,com_poisson_rolling_306,2.924260244689826,2.722953879231838,0.20130636545798808,16.973411153841603
863,20/21,32,9,poisson_rolling_306,com_poisson_rolling_306,3.5294230922310916,3.593826474977888,-0.06440338274679647,16.909007771094807
864,20/21,32,10,poisson_rolling_306,com_poisson_rolling_306,2.924260244689826,2.722953879231838,0.20130636545798808,17.110314136552795
865,20/21,33,1,poisson_rolling_306,com_poisson_rolling_306,3.820838842180926,4.131206404282551,-0.3103675621016251,16.79994657445117
866,20/21,33,2,poisson_rolling_306,com_poisson_rolling_306,2.9480061093778076,2.7593069359135995,0.18869917346420806,16.988645747915378
867,20/21,33,3,poisson_rolling_306,com_poisson_rolling_306,2.9727126445908354,2.777893005148968,0.1948196394418673,17.183465387357245
868,20/21,33,4,poisson_rolling_306,com_poisson_rolling_306,3.2758978702850285,3.2219582844745958,0.05393958581043279,17.237404973167678
869,20/21,33,5,poisson_rolling_306,com_poisson_rolling_306,3.3930288415417564,3.396128594696364,-0.003099753154607754,17.23430522001307
870,20/21,33,6,poisson_rolling_306,com_poisson_rolling_306,2.9396647905446613,2.7321907591473007,0.20747403139736065,17.44177925141043
871,20/21,33,7,poisson_rolling_306,com_poisson_rolling_306,2.9877176096140303,2.8247715175541543,0.16294609205987598,17.604725343470307
872,20/21,33,8,poisson_rolling_306,com_poisson_rolling_306,3.0231522413489174,2.8501675714181545,0.1729846699307629,17.77771001340107
873,20/21,33,9,poisson_rolling_306,com_poisson_rolling_306,2.9727126445908354,2.777893005148968,0.1948196394418673,17.972529652842937
874,20/21,33,10,poisson_rolling_306,com_poisson_rolling_306,4.213764213664227,4.6261525909710315,-0.41238837730680444,17.560141275536132
875,20/21,34,1,poisson_rolling_306,com_poisson_rolling_306,3.3737863732637194,3.3658015165893715,0.007984856674347895,17.56812613221048
876,20/21,34,2,poisson_rolling_306,com_poisson_rolling_306,2.9374647622707855,2.734468848629362,0.20299591364142344,17.771122045851904
877,20/21,34,3,poisson_rolling_306,com_poisson_rolling_306,2.9304675272145673,2.733139197040785,0.19732833017378226,17.968450376025686
878,20/21,34,4,poisson_rolling_306,com_poisson_rolling_306,2.9304675272145673,2.733139197040785,0.19732833017378226,18.165778706199468
879,20/21,34,5,poisson_rolling_306,com_poisson_rolling_306,2.9304675272145673,2.733139197040785,0.19732833017378226,18.36310703637325
880,20/21,34,6,poisson_rolling_306,com_poisson_rolling_306,3.811659991543415,4.013337648228557,-0.20167765668514193,18.16142937968811
881,20/21,34,7,poisson_rolling_306,com_poisson_rolling_306,3.139497497615217,3.067351808653413,0.07214568896180396,18.233575068649913
882,20/21,34,8,poisson_rolling_306,com_poisson_rolling_306,2.9543273011060123,2.7737984238115843,0.18052887729442801,18.41410394594434
883,20/21,34,9,poisson_rolling_306,com_poisson_rolling_306,2.9543273011060123,2.7737984238115843,0.18052887729442801,18.59463282323877
884,20/21,34,10,poisson_rolling_306,com_poisson_rolling_306,2.9304675272145673,2.733139197040785,0.19732833017378226,18.79196115341255
885,20/21,35,1,poisson_rolling_306,com_poisson_rolling_306,3.246675624098323,3.2338300772610467,0.012845546837276345,18.804806700249827
886,20/21,35,2,poisson_rolling_306,com_poisson_rolling_306,3.977759446004434,4.25963561510585,-0.281876169101416,18.52293053114841
887,20/21,35,3,poisson_rolling_306,com_poisson_rolling_306,3.641413166589679,3.7608348406281777,-0.11942167403849879,18.403508857109912
888,20/21,35,4,poisson_rolling_306,com_poisson_rolling_306,2.93180460968032,2.7351627572369352,0.19664185244338483,18.600150709553297
889,20/21,35,5,poisson_rolling_306,com_poisson_rolling_306,3.0125922990142513,2.8387283880612415,0.1738639109530098,18.774014620506307
890,20/21,35,6,poisson_rolling_306,com_poisson_rolling_306,2.925289928659147,2.720707930166668,0.20458199849247904,18.978596618998786
891,20/21,35,7,poisson_rolling_306,com_poisson_rolling_306,2.93180460968032,2.7351627572369352,0.19664185244338483,19.17523847144217
892,20/21,35,8,poisson_rolling_306,com_poisson_rolling_306,3.367091089345827,3.355717810603352,0.011373278742475179,19.186611750184646
893,20/21,35,9,poisson_rolling_306,com_poisson_rolling_306,3.3687031922413624,3.4227600191955787,-0.05405682695421632,19.13255492323043
894,20/21,35,10,poisson_rolling_306,com_poisson_rolling_306,3.977759446004434,4.25963561510585,-0.281876169101416,18.850678754129014
895,20/21,36,1,poisson_rolling_306,com_poisson_rolling_306,3.2629759294778182,3.2567288882359122,0.006247041241906004,18.85692579537092
896,20/21,36,2,poisson_rolling_306,com_poisson_rolling_306,3.9509621249056295,4.202996915816769,-0.25203479091113934,18.60489100445978
897,20/21,36,3,poisson_rolling_306,com_poisson_rolling_306,2.926379307046318,2.731393625174391,0.19498568187192689,18.799876686331707
898,20/21,36,4,poisson_rolling_306,com_poisson_rolling_306,3.0089192239545923,2.866875733181004,0.14204349077358813,18.941920177105295
899,20/21,36,5,poisson_rolling_306,com_poisson_rolling_306,3.0740585261255546,2.9678383442933836,0.10622018183217108,19.048140358937466
900,20/21,36,6,poisson_rolling_306,com_poisson_rolling_306,3.2629759294778182,3.2567288882359122,0.006247041241906004,19.054387400179372
901,20/21,36,7,poisson_rolling_306,com_poisson_rolling_306,2.9353479770290676,2.7403381702278438,0.19500980680122382,19.249397206980596
902,20/21,36,8,poisson_rolling_306,com_poisson_rolling_306,3.00607621390526,2.8365197460455676,0.16955646785969236,19.41895367484029
903,20/21,36,9,poisson_rolling_306,com_poisson_rolling_306,3.5327206619641345,3.6654918511293175,-0.13277118916518305,19.286182485675106
904,20/21,36,10,poisson_rolling_306,com_poisson_rolling_306,3.9509621249056295,4.202996915816769,-0.25203479091113934,19.034147694763966
905,20/21,37,1,poisson_rolling_306,com_poisson_rolling_306,4.138594691952832,4.464702692655635,-0.32610800070280277,18.708039694061164
906,20/21,37,2,poisson_rolling_306,com_poisson_rolling_306,3.887316048601477,4.188723156083171,-0.30140710748169397,18.40663258657947
907,20/21,37,3,poisson_rolling_306,com_poisson_rolling_306,3.2393592744277697,3.170639302451434,0.06871997197633561,18.475352558555805
908,20/21,37,4,poisson_rolling_306,com_poisson_rolling_306,2.9629754146594536,2.798839825266157,0.16413558939329675,18.639488147949102
909,20/21,37,5,poisson_rolling_306,com_poisson_rolling_306,2.935318632899211,2.745622404891492,0.18969622800771901,18.82918437595682
910,20/21,37,6,poisson_rolling_306,com_poisson_rolling_306,2.935318632899211,2.745622404891492,0.18969622800771901,19.01888060396454
911,20/21,37,7,poisson_rolling_306,com_poisson_rolling_306,2.9355175597930128,2.7543408369158158,0.181176722877197,19.200057326841737
912,20/21,37,8,poisson_rolling_306,com_poisson_rolling_306,3.9503439739925597,4.192717686319384,-0.24237371232682392,18.957683614514913
913,20/21,37,9,poisson_rolling_306,com_poisson_rolling_306,3.3879803534163244,3.4434663569579413,-0.055486003541616924,18.902197610973296
914,20/21,37,10,poisson_rolling_306,com_poisson_rolling_306,2.935318632899211,2.745622404891492,0.18969622800771901,19.091893838981015
915,20/21,38,1,poisson_rolling_306,com_poisson_rolling_306,3.0739303342505764,2.938283920217529,0.13564641403304734,19.227540253014062
916,20/21,38,2,poisson_rolling_306,com_poisson_rolling_306,3.491429847418175,3.5306454632500817,-0.0392156158319068,19.188324637182156
917,20/21,38,3,poisson_rolling_306,com_poisson_rolling_306,3.6358159246117623,3.737093340963881,-0.10127741635211862,19.087047220830037
918,20/21,38,4,poisson_rolling_306,com_poisson_rolling_306,3.0739303342505764,2.938283920217529,0.13564641403304734,19.222693634863084
919,20/21,38,5,poisson_rolling_306,com_poisson_rolling_306,3.148341480069064,3.08410529439233,0.06423618567673373,19.286929820539818
920,20/21,38,6,poisson_rolling_306,com_poisson_rolling_306,2.93638963046223,2.750107009735288,0.18628262072694213,19.47321244126676
921,20/21,38,7,poisson_rolling_306,com_poisson_rolling_306,2.958211726428658,2.7943653563814763,0.16384637004718172,19.637058811313942
922,20/21,38,8,poisson_rolling_306,com_poisson_rolling_306,3.0024168190426224,2.8629831597037168,0.1394336593389056,19.776492470652848
923,20/21,38,9,poisson_rolling_306,com_poisson_rolling_306,3.0024168190426224,2.8629831597037168,0.1394336593389056,19.915926129991753
924,20/21,38,10,poisson_rolling_306,com_poisson_rolling_306,3.250154748313804,3.1870255380317616,0.06312921028204244,19.979055340273796
925,21/22,1,1,poisson_rolling_306,com_poisson_rolling_306,2.963454714136134,2.7831179572162483,0.1803367569198855,20.15939209719368
926,21/22,1,2,poisson_rolling_306,com_poisson_rolling_306,3.005644900670376,2.8659871289913923,0.13965777167898352,20.299049868872665
927,21/22,1,3,poisson_rolling_306,com_poisson_rolling_306,7.503564385419324,9.534811854524818,-2.0312474691054945,18.26780239976717
928,21/22,1,4,poisson_rolling_306,com_poisson_rolling_306,3.2568739182081288,3.246858748947872,0.010015169260256584,18.277817569027427
929,21/22,1,5,poisson_rolling_306,com_poisson_rolling_306,2.9259326717475744,2.7365278912480306,0.1894047804995438,18.46722234952697
930,21/22,1,6,poisson_rolling_306,com_poisson_rolling_306,3.3565856895759794,3.3383503453148506,0.018235344261128716,18.4854576937881
931,21/22,1,7,poisson_rolling_306,com_poisson_rolling_306,3.005644900670376,2.8659871289913923,0.13965777167898352,18.625115465467083
932,21/22,1,8,poisson_rolling_306,com_poisson_rolling_306,2.960496356131955,2.795602375309599,0.16489398082235596,18.79000944628944
933,21/22,1,9,poisson_rolling_306,com_poisson_rolling_306,4.085603411672935,4.482651331058392,-0.39704791938545725,18.39296152690398
934,21/22,2,1,poisson_rolling_306,com_poisson_rolling_306,2.9320462138376655,2.7485919586308967,0.18345425520676883,18.57641578211075
935,21/22,2,2,poisson_rolling_306,com_poisson_rolling_306,3.3700072761110818,3.4175260418822972,-0.0475187657712155,18.528897016339535
936,21/22,2,3,poisson_rolling_306,com_poisson_rolling_306,3.0756380810633033,2.9383549419285373,0.13728313913476597,18.6661801554743
937,21/22,2,4,poisson_rolling_306,com_poisson_rolling_306,2.957087113479119,2.7896259272496593,0.1674611862294597,18.83364134170376
938,21/22,2,5,poisson_rolling_306,com_poisson_rolling_306,2.9253544528644255,2.734517719115729,0.19083673374869647,19.024478075452457
939,21/22,2,6,poisson_rolling_306,com_poisson_rolling_306,3.0008201461327104,2.8581235742178137,0.1426965719148967,19.167174647367354
940,21/22,2,7,poisson_rolling_306,com_poisson_rolling_306,3.0636013737570096,2.954608048557361,0.10899332519964844,19.276167972567002
941,21/22,2,8,poisson_rolling_306,com_poisson_rolling_306,2.9657075190226436,2.78532247513607,0.18038504388657373,19.456553016453576
942,21/22,2,9,poisson_rolling_306,com_poisson_rolling_306,2.9366811973938383,2.7469174212926077,0.18976377610123052,19.646316792554806
943,21/22,3,1,poisson_rolling_306,com_poisson_rolling_306,2.939217850197643,2.7379137296974676,0.20130412050017554,19.847620913054982
944,21/22,3,2,poisson_rolling_306,com_poisson_rolling_306,3.0216389186785975,2.8529877008997886,0.16865121777880887,20.01627213083379
945,21/22,3,3,poisson_rolling_306,com_poisson_rolling_306,2.9491587425157704,2.766728182890617,0.18243055962515342,20.198702690458944
946,21/22,3,4,poisson_rolling_306,com_poisson_rolling_306,3.2727849741296993,3.2178886266372473,0.05489634749245198,20.253599037951396
947,21/22,3,5,poisson_rolling_306,com_poisson_rolling_306,2.9894034339136724,2.8320245112566482,0.15737892265702413,20.41097796060842
948,21/22,3,6,poisson_rolling_306,com_poisson_rolling_306,2.939217850197643,2.7379137296974676,0.20130412050017554,20.612282081108596
949,21/22,3,7,poisson_rolling_306,com_poisson_rolling_306,3.344637198869144,3.386143582372071,-0.041506383502927235,20.57077569760567
950,21/22,3,8,poisson_rolling_306,com_poisson_rolling_306,3.1724477149064043,3.0711893863525432,0.10125832855386108,20.67203402615953
951,21/22,3,9,poisson_rolling_306,com_poisson_rolling_306,3.08863975763429,2.949416096739739,0.13922366089455096,20.81125768705408
952,21/22,4,1,poisson_rolling_306,com_poisson_rolling_306,2.9276061841300347,2.7266750025852104,0.20093118154482426,21.012188868598905
953,21/22,4,2,poisson_rolling_306,com_poisson_rolling_306,3.0486963202822537,2.9244793813981573,0.12421693888409635,21.136405807483
954,21/22,4,3,poisson_rolling_306,com_poisson_rolling_306,2.939217850197643,2.7349089375406663,0.20430891265697682,21.340714720139978
955,21/22,4,4,poisson_rolling_306,com_poisson_rolling_306,3.8262570046121525,4.132411740223432,-0.3061547356112797,21.0345599845287
956,21/22,4,5,poisson_rolling_306,com_poisson_rolling_306,3.127407292507904,3.0485983263074843,0.07880896620041966,21.113368950729118
957,21/22,4,6,poisson_rolling_306,com_poisson_rolling_306,4.63999317041236,5.254468812638521,-0.6144756422261608,20.498893308502957
958,21/22,4,7,poisson_rolling_306,com_poisson_rolling_306,3.8262570046121525,4.132411740223432,-0.3061547356112797,20.192738572891678
959,21/22,4,8,poisson_rolling_306,com_poisson_rolling_306,2.9276061841300347,2.7266750025852104,0.20093118154482426,20.3936697544365
960,21/22,4,9,poisson_rolling_306,com_poisson_rolling_306,3.6443617961511947,3.8517331071317074,-0.20737131098051265,20.18629844345599
961,21/22,5,1,poisson_rolling_306,com_poisson_rolling_306,3.0257111162290258,2.8701425996735708,0.155568516555455,20.341866960011444
962,21/22,5,2,poisson_rolling_306,com_poisson_rolling_306,4.0287481564207965,4.306395084948022,-0.2776469285272256,20.06422003148422
963,21/22,5,3,poisson_rolling_306,com_poisson_rolling_306,3.042811190406873,2.9248175986793825,0.11799359172749035,20.18221362321171
964,21/22,5,4,poisson_rolling_306,com_poisson_rolling_306,2.925988480294315,2.740906077251381,0.18508240304293366,20.367296026254643
965,21/22,5,5,poisson_rolling_306,com_poisson_rolling_306,3.042811190406873,2.9248175986793825,0.11799359172749035,20.485289617982133
966,21/22,5,6,poisson_rolling_306,com_poisson_rolling_306,3.334484642954159,3.3649980587669432,-0.030513415812784217,20.45477620216935
967,21/22,5,7,poisson_rolling_306,com_poisson_rolling_306,3.0941344305312626,2.9661964788731012,0.12793795165816135,20.58271415382751
968,21/22,5,8,poisson_rolling_306,com_poisson_rolling_306,3.848207543997809,4.046017162311799,-0.1978096183139897,20.38490453551352
969,21/22,5,9,poisson_rolling_306,com_poisson_rolling_306,3.848207543997809,4.046017162311799,-0.1978096183139897,20.18709491719953
970,21/22,6,1,poisson_rolling_306,com_poisson_rolling_306,3.0425682172930166,2.923006217703758,0.1195619995892585,20.30665691678879
971,21/22,6,2,poisson_rolling_306,com_poisson_rolling_306,2.9404986926413628,2.7510892304095904,0.18940946223177235,20.49606637902056
972,21/22,6,3,poisson_rolling_306,com_poisson_rolling_306,2.9259234484005603,2.7382165676078642,0.18770688079269604,20.683773259813258
973,21/22,6,4,poisson_rolling_306,com_poisson_rolling_306,2.984757120011004,2.83351599349443,0.15124112651657384,20.83501438632983
974,21/22,6,5,poisson_rolling_306,com_poisson_rolling_306,4.7577355728915265,5.493423789989251,-0.7356882170977244,20.099326169232107
975,21/22,6,6,poisson_rolling_306,com_poisson_rolling_306,2.9404986926413628,2.7510892304095904,0.18940946223177235,20.28873563146388
976,21/22,6,7,poisson_rolling_306,com_poisson_rolling_306,3.1796557136964836,3.0862907712867553,0.09336494240972826,20.382100573873608
977,21/22,6,8,poisson_rolling_306,com_poisson_rolling_306,2.9744951446124546,2.796882496562475,0.17761264804997978,20.559713221923587
978,21/22,6,9,poisson_rolling_306,com_poisson_rolling_306,3.11979740043207,3.041110063039767,0.07868733739230294,20.63840055931589
979,21/22,7,1,poisson_rolling_306,com_poisson_rolling_306,3.452844216480635,3.547323742291127,-0.0944795258104918,20.5439210335054
980,21/22,7,2,poisson_rolling_306,com_poisson_rolling_306,2.977560998357781,2.8205605342757565,0.1570004640820244,20.700921497587423
981,21/22,7,3,poisson_rolling_306,com_poisson_rolling_306,4.724409621266268,5.4592569138564215,-0.7348472925901532,19.96607420499727
982,21/22,7,4,poisson_rolling_306,com_poisson_rolling_306,3.2956575921484514,3.2526774007891106,0.042980191359340836,20.00905439635661
983,21/22,7,5,poisson_rolling_306,com_poisson_rolling_306,4.455399862774591,5.055956649207957,-0.6005567864333656,19.408497609923245
984,21/22,7,6,poisson_rolling_306,com_poisson_rolling_306,2.9411735351348582,2.7622059072938896,0.17896762784096865,19.587465237764214
985,21/22,7,7,poisson_rolling_306,com_poisson_rolling_306,3.0329398521724684,2.876296166348453,0.15664368582401522,19.74410892358823
986,21/22,7,8,poisson_rolling_306,com_poisson_rolling_306,3.987430858836298,4.3532310252088,-0.3658001663725017,19.378308757215727
987,21/22,7,9,poisson_rolling_306,com_poisson_rolling_306,2.9428043273416122,2.7514324901108296,0.19137183723078266,19.56968059444651
988,21/22,8,1,poisson_rolling_306,com_poisson_rolling_306,3.1025664360918555,3.019140463174537,0.08342597291731835,19.653106567363828
989,21/22,8,2,poisson_rolling_306,com_poisson_rolling_306,3.196152016140708,3.1584299592623637,0.03772205687834429,19.690828624242172
990,21/22,8,3,poisson_rolling_306,com_poisson_rolling_306,4.06730361124972,4.3482784179181095,-0.2809748066683895,19.409853817573783
991,21/22,8,4,poisson_rolling_306,com_poisson_rolling_306,3.0287834833391756,2.908465973155998,0.12031751018317749,19.53017132775696
992,21/22,8,5,poisson_rolling_306,com_poisson_rolling_306,2.9439451106195023,2.76558691529128,0.17835819532822228,19.708529523085183
993,21/22,8,6,poisson_rolling_306,com_poisson_rolling_306,3.1081510764751172,2.9906942474779754,0.11745682899714183,19.825986352082325
994,21/22,8,7,poisson_rolling_306,com_poisson_rolling_306,2.974418616443593,2.8258508227564363,0.14856779368715678,19.97455414576948
995,21/22,8,8,poisson_rolling_306,com_poisson_rolling_306,3.1081510764751172,2.9906942474779754,0.11745682899714183,20.092010974766623
996,21/22,8,9,poisson_rolling_306,com_poisson_rolling_306,3.302152331916524,3.262913430763504,0.03923890115301987,20.131249875919643
997,21/22,9,1,poisson_rolling_306,com_poisson_rolling_306,3.095526765583358,2.968675959104587,0.126850806478771,20.258100682398414
998,21/22,9,2,poisson_rolling_306,com_poisson_rolling_306,2.9750626998910406,2.8008042933573165,0.17425840653372404,20.432359088932138
999,21/22,9,3,poisson_rolling_306,com_poisson_rolling_306,3.118288605326157,3.03989663594254,0.07839196938361681,20.510751058315755
1000,21/22,9,4,poisson_rolling_306,com_poisson_rolling_306,2.9256011392286467,2.741055055798853,0.18454608342979384,20.69529714174555
1001,21/22,9,5,poisson_rolling_306,com_poisson_rolling_306,3.181113133425569,3.0897171879246343,0.09139594550093477,20.786693087246483
1002,21/22,9,6,poisson_rolling_306,com_poisson_rolling_306,2.9241761300812215,2.7347574451050605,0.189418684976161,20.976111772222644
1003,21/22,9,7,poisson_rolling_306,com_poisson_rolling_306,2.9241761300812215,2.7347574451050605,0.189418684976161,21.165530457198805
1004,21/22,9,8,poisson_rolling_306,com_poisson_rolling_306,4.66466428406234,5.222945570230252,-0.5582812861679116,20.607249171030894
1005,21/22,9,9,poisson_rolling_306,com_poisson_rolling_306,3.041356043670575,2.923095727363119,0.11826031630745604,20.72550948733835
1006,21/22,10,1,poisson_rolling_306,com_poisson_rolling_306,3.184338049042047,3.095446185044281,0.08889186399776605,20.814401351336116
1007,21/22,10,2,poisson_rolling_306,com_poisson_rolling_306,3.0387050650818352,2.9207675411965823,0.11793752388525292,20.93233887522137
1008,21/22,10,3,poisson_rolling_306,com_poisson_rolling_306,3.5411650729139055,3.6023402747795643,-0.061175201865658835,20.87116367335571
1009,21/22,10,4,poisson_rolling_306,com_poisson_rolling_306,2.9249087920416557,2.742726805119034,0.18218198692262177,21.05334566027833
1010,21/22,10,5,poisson_rolling_306,com_poisson_rolling_306,2.9249087920416557,2.742726805119034,0.18218198692262177,21.235527647200954
1011,21/22,10,6,poisson_rolling_306,com_poisson_rolling_306,3.211067061421339,3.1799021680543973,0.031164893366941726,21.266692540567895
1012,21/22,10,7,poisson_rolling_306,com_poisson_rolling_306,2.97632898410577,2.805138489247085,0.17119049485868487,21.43788303542658
1013,21/22,10,8,poisson_rolling_306,com_poisson_rolling_306,3.464256386894867,3.5566711172344725,-0.09241473033960546,21.345468305086975
1014,21/22,10,9,poisson_rolling_306,com_poisson_rolling_306,3.327352080556743,3.353282213431882,-0.025930132875139122,21.319538172211836
1015,21/22,11,1,poisson_rolling_306,com_poisson_rolling_306,2.9786217006492492,2.8251020205714497,0.1535196800777996,21.473057852289635
1016,21/22,11,2,poisson_rolling_306,com_poisson_rolling_306,3.5497052186859364,3.6181000478945293,-0.06839482920859297,21.404663023081042
1017,21/22,11,3,poisson_rolling_306,com_poisson_rolling_306,2.923825555644548,2.7359056267872006,0.18791992885734743,21.59258295193839
1018,21/22,11,4,poisson_rolling_306,com_poisson_rolling_306,2.9784535417650417,2.8034056866424635,0.17504785512257826,21.767630807060968
1019,21/22,11,5,poisson_rolling_306,com_poisson_rolling_306,3.4136065448549786,3.422159651315212,-0.00855310646023355,21.759077700600734
1020,21/22,11,6,poisson_rolling_306,com_poisson_rolling_306,2.92412268831648,2.732052985069231,0.19206970324724892,21.951147403847983
1021,21/22,11,7,poisson_rolling_306,com_poisson_rolling_306,2.9424383264910645,2.754709408927596,0.18772891756346866,22.138876321411452
1022,21/22,11,8,poisson_rolling_306,com_poisson_rolling_306,3.790971404621523,4.050270248791861,-0.2592988441703383,21.879577477241114
1023,21/22,11,9,poisson_rolling_306,com_poisson_rolling_306,3.031860499750927,2.877688928157795,0.15417157159313177,22.033749048834245
1024,21/22,12,1,poisson_rolling_306,com_poisson_rolling_306,3.0336635208253,2.8818252349095985,0.15183828591570148,22.185587334749947
1025,21/22,12,2,poisson_rolling_306,com_poisson_rolling_306,2.923250455364652,2.736983236044324,0.18626721932032808,22.371854554070275
1026,21/22,12,3,poisson_rolling_306,com_poisson_rolling_306,3.1066712328304362,3.0227274572335148,0.08394377559692145,22.455798329667196
1027,21/22,12,4,poisson_rolling_306,com_poisson_rolling_306,2.9430522868883173,2.757521932496104,0.18553035439221333,22.64132868405941
1028,21/22,12,5,poisson_rolling_306,com_poisson_rolling_306,3.7069224525907742,3.8429865521279964,-0.1360640995372222,22.505264584522187
1029,21/22,12,6,poisson_rolling_306,com_poisson_rolling_306,3.315710973735648,3.3375348416896315,-0.021823867953983722,22.483440716568204
1030,21/22,12,7,poisson_rolling_306,com_poisson_rolling_306,3.7069224525907742,3.8429865521279964,-0.1360640995372222,22.34737661703098
1031,21/22,12,8,poisson_rolling_306,com_poisson_rolling_306,2.9796620325008547,2.8069305914731046,0.17273144102775007,22.52010805805873
1032,21/22,12,9,poisson_rolling_306,com_poisson_rolling_306,3.0336635208253,2.8818252349095985,0.15183828591570148,22.671946343974433
1033,21/22,13,1,poisson_rolling_306,com_poisson_rolling_306,3.196855324874754,3.159212601342574,0.0376427235321799,22.709589067506613
1034,21/22,13,2,poisson_rolling_306,com_poisson_rolling_306,3.1076640507237485,2.987069656231114,0.12059439449263465,22.830183461999248
1035,21/22,13,3,poisson_rolling_306,com_poisson_rolling_306,2.943815185213772,2.760437399522459,0.18337778569131302,23.01356124769056
1036,21/22,13,4,poisson_rolling_306,com_poisson_rolling_306,2.943815185213772,2.760437399522459,0.18337778569131302,23.196939033381874
1037,21/22,13,5,poisson_rolling_306,com_poisson_rolling_306,3.196855324874754,3.159212601342574,0.0376427235321799,23.234581756914054
1038,21/22,13,6,poisson_rolling_306,com_poisson_rolling_306,3.1962809940203343,3.112252917285929,0.08402807673440549,23.31860983364846
1039,21/22,13,7,poisson_rolling_306,com_poisson_rolling_306,2.9747648248320004,2.822393594837564,0.15237122999443642,23.470981063642895
1040,21/22,13,8,poisson_rolling_306,com_poisson_rolling_306,3.7133965772876607,3.8504432468428433,-0.13704666955518263,23.333934394087713
1041,21/22,13,9,poisson_rolling_306,com_poisson_rolling_306,2.9811388341227385,2.8107351368481375,0.17040369727460103,23.504338091362314
1042,21/22,14,1,poisson_rolling_306,com_poisson_rolling_306,2.924125016623094,2.7342696547949856,0.18985536182810847,23.694193453190422
1043,21/22,14,2,poisson_rolling_306,com_poisson_rolling_306,4.043681812999068,4.3275695071058635,-0.28388769410679515,23.410305759083627
1044,21/22,14,3,poisson_rolling_306,com_poisson_rolling_306,2.943305830237165,2.7708184827437776,0.17248734749338723,23.582793106577014
1045,21/22,14,4,poisson_rolling_306,com_poisson_rolling_306,2.924125016623094,2.7342696547949856,0.18985536182810847,23.772648468405123
1046,21/22,14,5,poisson_rolling_306,com_poisson_rolling_306,2.9245408540960227,2.739106183343779,0.18543467075224385,23.958083139157367
1047,21/22,14,6,poisson_rolling_306,com_poisson_rolling_306,4.222749356099058,4.687079156211439,-0.464329800112381,23.493753339044986
1048,21/22,14,7,poisson_rolling_306,com_poisson_rolling_306,3.099512338823189,2.9742476090603986,0.12526472976279024,23.619018068807776
1049,21/22,14,8,poisson_rolling_306,com_poisson_rolling_306,3.099512338823189,2.9742476090603986,0.12526472976279024,23.744282798570566
1050,21/22,14,9,poisson_rolling_306,com_poisson_rolling_306,2.943305830237165,2.7708184827437776,0.17248734749338723,23.916770146063953
1051,21/22,15,1,poisson_rolling_306,com_poisson_rolling_306,3.0391854440386084,2.919383734409905,0.11980170962870318,24.036571855692657
1052,21/22,15,2,poisson_rolling_306,com_poisson_rolling_306,3.02831589986711,2.8737605261020462,0.15455537376506356,24.19112722945772
1053,21/22,15,3,poisson_rolling_306,com_poisson_rolling_306,3.6232881645988897,3.7970931368620313,-0.17380497226314162,24.01732225719458
1054,21/22,15,4,poisson_rolling_306,com_poisson_rolling_306,3.097629289884523,2.97115841844834,0.12647087143618307,24.14379312863076
1055,21/22,15,5,poisson_rolling_306,com_poisson_rolling_306,3.1155838652025096,3.035652140094953,0.07993172510755642,24.223724853738318
1056,21/22,15,6,poisson_rolling_306,com_poisson_rolling_306,3.28639960850343,3.2394827947670137,0.04691681373641643,24.270641667474735
1057,21/22,15,7,poisson_rolling_306,com_poisson_rolling_306,2.9822051087317476,2.8315892766244133,0.1506158321073343,24.42125749958207
1058,21/22,15,8,poisson_rolling_306,com_poisson_rolling_306,3.6908796416348792,3.819875105940355,-0.1289954643054756,24.292262035276593
1059,21/22,15,9,poisson_rolling_306,com_poisson_rolling_306,3.183749798218386,3.093201634479385,0.0905481637390011,24.382810199015594
1060,21/22,16,1,poisson_rolling_306,com_poisson_rolling_306,3.184338049042047,3.0935750094537866,0.0907630395882606,24.473573238603855
1061,21/22,16,2,poisson_rolling_306,com_poisson_rolling_306,6.983315204051529,8.606422881305775,-1.6231076772542465,22.85046556134961
1062,21/22,16,3,poisson_rolling_306,com_poisson_rolling_306,3.0387050650818352,2.9179443960373987,0.1207606690444365,22.971226230394045
1063,21/22,16,4,poisson_rolling_306,com_poisson_rolling_306,3.327352080556743,3.355165810092103,-0.02781372953536021,22.943412500858685
1064,21/22,16,5,poisson_rolling_306,com_poisson_rolling_306,2.9241366600281182,2.73239019746606,0.19174646256205818,23.135158963420743
1065,21/22,16,6,poisson_rolling_306,com_poisson_rolling_306,3.028666677406214,2.873248252367432,0.155418425038782,23.290577388459525
1066,21/22,16,7,poisson_rolling_306,com_poisson_rolling_306,3.0387050650818352,2.9179443960373987,0.1207606690444365,23.41133805750396
1067,21/22,16,8,poisson_rolling_306,com_poisson_rolling_306,2.941383033517262,2.7534704542376573,0.18791257927960459,23.599250636783566
1068,21/22,16,9,poisson_rolling_306,com_poisson_rolling_306,3.6222141024307675,3.797248306611664,-0.17503420418089632,23.42421643260267
1069,21/22,17,1,poisson_rolling_306,com_poisson_rolling_306,4.013296156098015,4.2632335581603655,-0.2499374020623506,23.17427903054032
1070,21/22,17,2,poisson_rolling_306,com_poisson_rolling_306,3.0486963202822537,2.939236585181604,0.10945973510064988,23.28373876564097
1071,21/22,17,3,poisson_rolling_306,com_poisson_rolling_306,4.013296156098015,4.2632335581603655,-0.2499374020623506,23.03380136357862
1072,21/22,17,4,poisson_rolling_306,com_poisson_rolling_306,3.3893827542247763,3.38441631700492,0.0049664372198563456,23.038767800798475
1073,21/22,17,5,poisson_rolling_306,com_poisson_rolling_306,3.483972792911281,3.5790738794628254,-0.09510108655154426,22.94366671424693
1074,21/22,17,6,poisson_rolling_306,com_poisson_rolling_306,3.1724477149064043,3.0812486866926037,0.09119902821380066,23.03486574246073
1075,21/22,17,7,poisson_rolling_306,com_poisson_rolling_306,2.9894034339136724,2.850287416012847,0.13911601790082528,23.173981760361556
1076,21/22,17,8,poisson_rolling_306,com_poisson_rolling_306,2.9276061841300347,2.7538118235118105,0.17379436061822418,23.34777612097978
1077,21/22,17,9,poisson_rolling_306,com_poisson_rolling_306,3.0486963202822537,2.939236585181604,0.10945973510064988,23.45723585608043
1078,21/22,18,1,poisson_rolling_306,com_poisson_rolling_306,2.969612403776651,2.8073045107468317,0.16230789302981918,23.61954374911025
1079,21/22,18,2,poisson_rolling_306,com_poisson_rolling_306,4.000521375250983,4.2350907619120335,-0.23456938666105032,23.3849743624492
1080,21/22,18,3,poisson_rolling_306,com_poisson_rolling_306,3.655264063174215,3.821269661400237,-0.1660055982260218,23.218968764223177
1081,21/22,18,4,poisson_rolling_306,com_poisson_rolling_306,3.0536793253377397,2.9492475070874207,0.104431818250319,23.323400582473496
1082,21/22,18,5,poisson_rolling_306,com_poisson_rolling_306,2.938281593285623,2.7666643623190055,0.17161723096661774,23.495017813440114
1083,21/22,18,6,poisson_rolling_306,com_poisson_rolling_306,2.969612403776651,2.8073045107468317,0.16230789302981918,23.657325706469933
1084,21/22,18,7,poisson_rolling_306,com_poisson_rolling_306,2.9517740427842654,2.7971631898595604,0.154610852924705,23.81193655939464
1085,21/22,18,8,poisson_rolling_306,com_poisson_rolling_306,2.9517740427842654,2.7971631898595604,0.154610852924705,23.966547412319343
1086,21/22,18,9,poisson_rolling_306,com_poisson_rolling_306,5.093651486376416,5.883711095889481,-0.7900596095130652,23.176487802806278
1087,21/22,19,1,poisson_rolling_306,com_poisson_rolling_306,3.167903656079254,3.0735597072792586,0.0943439487999953,23.270831751606273
1088,21/22,19,2,poisson_rolling_306,com_poisson_rolling_306,2.9287452893555255,2.752758173603297,0.17598711575222836,23.446818867358502
1089,21/22,19,3,poisson_rolling_306,com_poisson_rolling_306,3.4917422561981866,3.592552030700631,-0.10080977450244433,23.346009092856058
1090,21/22,19,4,poisson_rolling_306,com_poisson_rolling_306,4.26803633014557,4.727874165408565,-0.45983783526299504,22.886171257593062
1091,21/22,19,5,poisson_rolling_306,com_poisson_rolling_306,3.0189892478689657,2.866856882206804,0.15213236566216182,23.038303623255224
1092,21/22,19,6,poisson_rolling_306,com_poisson_rolling_306,3.2317959672991137,3.2097376530155657,0.022058314283547986,23.060361937538772
1093,21/22,19,7,poisson_rolling_306,com_poisson_rolling_306,5.1151318866793005,5.837122833756297,-0.7219909470769963,22.338370990461776
1094,21/22,19,8,poisson_rolling_306,com_poisson_rolling_306,2.938462567405587,2.758759137665095,0.17970342974049203,22.518074420202268
1095,21/22,19,9,poisson_rolling_306,com_poisson_rolling_306,3.5145952348127807,3.561423262733541,-0.04682802792076046,22.471246392281508
1096,21/22,20,1,poisson_rolling_306,com_poisson_rolling_306,3.1261823347051347,3.052462589637969,0.07371974506716583,22.544966137348673
1097,21/22,20,2,poisson_rolling_306,com_poisson_rolling_306,3.2244589954745493,3.1993000564708325,0.025158939003716796,22.57012507635239
1098,21/22,20,3,poisson_rolling_306,com_poisson_rolling_306,2.9886523536157767,2.8445104835466566,0.14414187006912016,22.71426694642151
1099,21/22,20,4,poisson_rolling_306,com_poisson_rolling_306,3.1261823347051347,3.052462589637969,0.07371974506716583,22.787986691488676
1100,21/22,20,5,poisson_rolling_306,com_poisson_rolling_306,2.972166126546483,2.8000421642362596,0.17212396231022353,22.9601106537989
1101,21/22,20,6,poisson_rolling_306,com_poisson_rolling_306,3.1261823347051347,3.052462589637969,0.07371974506716583,23.033830398866066
1102,21/22,20,7,poisson_rolling_306,com_poisson_rolling_306,3.0895472486034805,2.9623114040633993,0.1272358445400812,23.161066243406147
1103,21/22,20,8,poisson_rolling_306,com_poisson_rolling_306,3.64218908333865,3.818307006366439,-0.17611792302778895,22.984948320378358
1104,21/22,20,9,poisson_rolling_306,com_poisson_rolling_306,3.523836121645246,3.576633326637392,-0.05279720499214591,22.932151115386212
1105,21/22,21,1,poisson_rolling_306,com_poisson_rolling_306,3.534572490239775,3.5912358030724505,-0.05666331283267567,22.875487802553536
1106,21/22,21,2,poisson_rolling_306,com_poisson_rolling_306,3.333222406611405,3.3607789666219077,-0.02755656001050255,22.847931242543034
1107,21/22,21,3,poisson_rolling_306,com_poisson_rolling_306,2.9406064749165566,2.759941729072281,0.1806647458442754,23.02859598838731
1108,21/22,21,4,poisson_rolling_306,com_poisson_rolling_306,2.924190962009355,2.7402468056663594,0.18394415634299577,23.212540144730305
1109,21/22,21,5,poisson_rolling_306,com_poisson_rolling_306,3.042082809390756,2.9271590771360962,0.11492373225465968,23.327463876984964
1110,21/22,21,6,poisson_rolling_306,com_poisson_rolling_306,3.042082809390756,2.9271590771360962,0.11492373225465968,23.442387609239624
1111,21/22,21,7,poisson_rolling_306,com_poisson_rolling_306,3.0948296637194446,2.970978882755972,0.12385078096347257,23.566238390203097
1112,21/22,21,8,poisson_rolling_306,com_poisson_rolling_306,3.4709575735314715,3.564215217572226,-0.09325764404075443,23.472980746162342
1113,21/22,21,9,poisson_rolling_306,com_poisson_rolling_306,3.0948296637194446,2.970978882755972,0.12385078096347257,23.596831527125815
1114,21/22,22,1,poisson_rolling_306,com_poisson_rolling_306,4.006400852228097,4.341094854528748,-0.33469400230065105,23.262137524825164
1115,21/22,22,2,poisson_rolling_306,com_poisson_rolling_306,2.9446387277097585,2.7817916067296693,0.16284712098008924,23.424984645805253
1116,21/22,22,3,poisson_rolling_306,com_poisson_rolling_306,4.6696247160644475,5.193973541906402,-0.5243488258419546,22.9006358199633
1117,21/22,22,4,poisson_rolling_306,com_poisson_rolling_306,3.0277912665157203,2.881342583307955,0.14644868320776538,23.047084503171064
1118,21/22,22,5,poisson_rolling_306,com_poisson_rolling_306,3.4040729921764523,3.405509838418979,-0.0014368462425267126,23.045647656928537
1119,21/22,22,6,poisson_rolling_306,com_poisson_rolling_306,2.975750388390651,2.8106160702171934,0.16513431817345747,23.210781975101995
1120,21/22,22,7,poisson_rolling_306,com_poisson_rolling_306,3.0277912665157203,2.881342583307955,0.14644868320776538,23.35723065830976
1121,21/22,22,8,poisson_rolling_306,com_poisson_rolling_306,3.538805586146566,3.59490465309959,-0.056099066953024135,23.301131591356736
1122,21/22,22,9,poisson_rolling_306,com_poisson_rolling_306,2.941101252977518,2.7648479045040943,0.17625334847342344,23.47738493983016
1123,21/22,23,1,poisson_rolling_306,com_poisson_rolling_306,3.345062328695974,3.374332165550385,-0.02926983685441087,23.44811510297575
1124,21/22,23,2,poisson_rolling_306,com_poisson_rolling_306,2.989591660071369,2.8536449008721263,0.1359467591992427,23.58406186217499
1125,21/22,23,3,poisson_rolling_306,com_poisson_rolling_306,3.6698048692263114,3.774808813126981,-0.10500394390066958,23.47905791827432
1126,21/22,23,4,poisson_rolling_306,com_poisson_rolling_306,3.0214717893326224,2.8760126938931876,0.1454590954394348,23.624517013713756
1127,21/22,23,5,poisson_rolling_306,com_poisson_rolling_306,3.5215176167339166,3.5678108760048417,-0.04629325927092509,23.57822375444283
1128,21/22,23,6,poisson_rolling_306,com_poisson_rolling_306,3.226286795939302,3.2016395040154464,0.02464729192385562,23.602871046366687
1129,21/22,23,7,poisson_rolling_306,com_poisson_rolling_306,3.0489437723572337,2.9418536307661043,0.1070901415911294,23.709961187957816
1130,21/22,23,8,poisson_rolling_306,com_poisson_rolling_306,2.939169172686235,2.7666531301056807,0.17251604258055409,23.88247723053837
1131,21/22,23,9,poisson_rolling_306,com_poisson_rolling_306,4.415663882246321,4.819912625451252,-0.4042487432049313,23.47822848733344
1132,21/22,24,1,poisson_rolling_306,com_poisson_rolling_306,3.353171761105145,3.381893287922395,-0.028721526817250265,23.44950696051619
1133,21/22,24,2,poisson_rolling_306,com_poisson_rolling_306,5.093651486376416,5.835492844470139,-0.7418413580937226,22.707665602422466
1134,21/22,24,3,poisson_rolling_306,com_poisson_rolling_306,3.0841519435417553,2.967843064762974,0.11630887877878138,22.823974481201247
1135,21/22,24,4,poisson_rolling_306,com_poisson_rolling_306,2.969612403776651,2.815380371696989,0.15423203207966196,22.97820651328091
1136,21/22,24,5,poisson_rolling_306,com_poisson_rolling_306,3.018334956979558,2.8797025384900223,0.13863241848953578,23.116838931770445
1137,21/22,24,6,poisson_rolling_306,com_poisson_rolling_306,2.938281593285623,2.7752908174269635,0.16299077585865973,23.279829707629105
1138,21/22,24,7,poisson_rolling_306,com_poisson_rolling_306,2.9246503598940166,2.7598627936760636,0.16478756621795299,23.444617273847058
1139,21/22,24,8,poisson_rolling_306,com_poisson_rolling_306,2.938281593285623,2.7752908174269635,0.16299077585865973,23.607608049705718
1140,21/22,24,9,poisson_rolling_306,com_poisson_rolling_306,2.969612403776651,2.815380371696989,0.15423203207966196,23.76184008178538
1141,21/22,25,1,poisson_rolling_306,com_poisson_rolling_306,2.937972432866715,2.7783519094138,0.1596205234529151,23.921460605238295
1142,21/22,25,2,poisson_rolling_306,com_poisson_rolling_306,2.9527069347267485,2.809159166594668,0.14354776813208048,24.065008373370375
1143,21/22,25,3,poisson_rolling_306,com_poisson_rolling_306,3.3561747403165754,3.384716535986655,-0.02854179567007975,24.036466577700295
1144,21/22,25,4,poisson_rolling_306,com_poisson_rolling_306,2.9527069347267485,2.809159166594668,0.14354776813208048,24.180014345832376
1145,21/22,25,5,poisson_rolling_306,com_poisson_rolling_306,3.1357490942607598,3.072815420738209,0.06293367352255075,24.242948019354927
1146,21/22,25,6,poisson_rolling_306,com_poisson_rolling_306,2.9247552169288866,2.7635404163658563,0.16121480056303028,24.404162819917957
1147,21/22,25,7,poisson_rolling_306,com_poisson_rolling_306,3.0171977616530654,2.881009643686326,0.13618811796673924,24.540350937884696
1148,21/22,25,8,poisson_rolling_306,com_poisson_rolling_306,3.6590950772932302,3.8107467782226365,-0.15165170092940627,24.38869923695529
1149,21/22,25,9,poisson_rolling_306,com_poisson_rolling_306,3.1357490942607598,3.072815420738209,0.06293367352255075,24.45163291047784
1150,21/22,26,1,poisson_rolling_306,com_poisson_rolling_306,2.9802251519083356,2.838655814544083,0.1415693373642526,24.593202247842093
1151,21/22,26,2,poisson_rolling_306,com_poisson_rolling_306,3.5454261421004887,3.6029898378966294,-0.057563695796140735,24.535638552045953
1152,21/22,26,3,poisson_rolling_306,com_poisson_rolling_306,3.036552261146049,2.9229954899611386,0.11355677118491059,24.649195323230863
1153,21/22,26,4,poisson_rolling_306,com_poisson_rolling_306,3.0302552994584673,2.8867295156703534,0.14352578378811387,24.792721107018977
1154,21/22,26,5,poisson_rolling_306,com_poisson_rolling_306,2.9802251519083356,2.838655814544083,0.1415693373642526,24.93429044438323
1155,21/22,26,6,poisson_rolling_306,com_poisson_rolling_306,2.924121813799779,2.746843440287691,0.1772783735120882,25.111568817895318
1156,21/22,26,7,poisson_rolling_306,com_poisson_rolling_306,2.9243594563864335,2.7510789681853254,0.17328048820110808,25.284849306096426
1157,21/22,26,8,poisson_rolling_306,com_poisson_rolling_306,2.9773831167311684,2.815116269534414,0.16226684719675433,25.44711615329318
1158,21/22,26,9,poisson_rolling_306,com_poisson_rolling_306,3.036552261146049,2.9229954899611386,0.11355677118491059,25.56067292447809
1159,21/22,27,1,poisson_rolling_306,com_poisson_rolling_306,3.4036611132256738,3.4068521702226917,-0.003191056997017938,25.557481867481073
1160,21/22,27,2,poisson_rolling_306,com_poisson_rolling_306,3.1167842107407537,3.0378708685274773,0.0789133422132764,25.63639520969435
1161,21/22,27,3,poisson_rolling_306,com_poisson_rolling_306,2.92528358261891,2.7411385403363226,0.1841450422825872,25.820540251976936
1162,21/22,27,4,poisson_rolling_306,com_poisson_rolling_306,2.944761020940639,2.7738093500558136,0.17095167088482555,25.991491922861762
1163,21/22,27,5,poisson_rolling_306,com_poisson_rolling_306,2.944761020940639,2.7738093500558136,0.17095167088482555,26.162443593746588
1164,21/22,27,6,poisson_rolling_306,com_poisson_rolling_306,2.924155282965394,2.7352908162738174,0.18886446669157664,26.351308060438164
1165,21/22,27,7,poisson_rolling_306,com_poisson_rolling_306,3.2132226901985987,3.183044648329968,0.0301780418686306,26.381486102306795
1166,21/22,27,8,poisson_rolling_306,com_poisson_rolling_306,3.6887559532048684,3.8152119851257567,-0.12645603192088828,26.255030070385907
1167,21/22,27,9,poisson_rolling_306,com_poisson_rolling_306,2.9756352717630605,2.802148434410185,0.1734868373528755,26.428516907738782
1168,21/22,28,1,poisson_rolling_306,com_poisson_rolling_306,3.1179873742838993,3.039191603360962,0.07879577092293744,26.50731267866172
1169,21/22,28,2,poisson_rolling_306,com_poisson_rolling_306,2.924171573320365,2.7338547538239766,0.19031681949638823,26.697629498158108
1170,21/22,28,3,poisson_rolling_306,com_poisson_rolling_306,2.9408244045318668,2.7540333105179684,0.18679109401389837,26.884420592172006
1171,21/22,28,4,poisson_rolling_306,com_poisson_rolling_306,3.1814052509461135,3.0898059531421893,0.09159929780392417,26.97601988997593
1172,21/22,28,5,poisson_rolling_306,com_poisson_rolling_306,2.924171573320365,2.7338547538239766,0.19031681949638823,27.16633670947232
1173,21/22,28,6,poisson_rolling_306,com_poisson_rolling_306,3.041114147484592,2.9222506923360356,0.11886345514855634,27.285200164620875
1174,21/22,28,7,poisson_rolling_306,com_poisson_rolling_306,2.983659006542382,2.8337788267672295,0.14988017977515256,27.435080344396027
1175,21/22,28,8,poisson_rolling_306,com_poisson_rolling_306,3.1179873742838993,3.039191603360962,0.07879577092293744,27.513876115318965
1176,21/22,28,9,poisson_rolling_306,com_poisson_rolling_306,2.9255372476115156,2.7400933041498092,0.18544394346170634,27.69932005878067
1177,21/22,29,1,poisson_rolling_306,com_poisson_rolling_306,3.4575876727176222,3.555172633640879,-0.09758496092325686,27.601735097857414
1178,21/22,29,2,poisson_rolling_306,com_poisson_rolling_306,3.0353625568458398,2.9100786278418553,0.12528392900398444,27.7270190268614
1179,21/22,29,3,poisson_rolling_306,com_poisson_rolling_306,3.0353625568458398,2.9100786278418553,0.12528392900398444,27.852302955865383
1180,21/22,29,4,poisson_rolling_306,com_poisson_rolling_306,3.0311450295673836,2.872853015428703,0.15829201413868077,28.010594970004064
1181,21/22,29,5,poisson_rolling_306,com_poisson_rolling_306,6.031387456039383,7.260286296033101,-1.2288988399937182,26.781696130010346
1182,21/22,29,6,poisson_rolling_306,com_poisson_rolling_306,3.0353625568458398,2.9100786278418553,0.12528392900398444,26.90698005901433
1183,21/22,29,7,poisson_rolling_306,com_poisson_rolling_306,3.6147138367682174,3.7930761575717753,-0.17836232080355785,26.728617738210772
1184,21/22,29,8,poisson_rolling_306,com_poisson_rolling_306,3.292079602586469,3.2473195174715244,0.04476008511494456,26.773377823325717
1185,21/22,29,9,poisson_rolling_306,com_poisson_rolling_306,2.942198282707821,2.7495283388529543,0.1926699438548667,26.966047767180584
1186,21/22,30,1,poisson_rolling_306,com_poisson_rolling_306,3.0345727223033307,2.8898154046825653,0.1447573176207655,27.11080508480135
1187,21/22,30,2,poisson_rolling_306,com_poisson_rolling_306,2.9433666928229414,2.766516146701207,0.17685054612173445,27.287655630923084
1188,21/22,30,3,poisson_rolling_306,com_poisson_rolling_306,3.4485893110390364,3.5299757788712327,-0.08138646783219627,27.206269163090887
1189,21/22,30,4,poisson_rolling_306,com_poisson_rolling_306,2.9759823545400437,2.829503689256967,0.14647866528307674,27.352747828373964
1190,21/22,30,5,poisson_rolling_306,com_poisson_rolling_306,3.0308827604089075,2.9125538122605406,0.11832894814836692,27.47107677652233
1191,21/22,30,6,poisson_rolling_306,com_poisson_rolling_306,3.1059660417587693,2.988596612613776,0.11736942914499338,27.588446205667324
1192,21/22,30,7,poisson_rolling_306,com_poisson_rolling_306,3.1059660417587693,2.988596612613776,0.11736942914499338,27.705815634812318
1193,21/22,30,8,poisson_rolling_306,com_poisson_rolling_306,2.9241591265380933,2.74286935206311,0.1812897744749833,27.8871054092873
1194,21/22,30,9,poisson_rolling_306,com_poisson_rolling_306,2.922970065755898,2.745164692147682,0.1778053736082157,28.064910782895517
1195,21/22,31,1,poisson_rolling_306,com_poisson_rolling_306,3.0269297447436756,2.901099674112359,0.12583007063131646,28.190740853526833
1196,21/22,31,2,poisson_rolling_306,com_poisson_rolling_306,4.702872041134263,5.404397675281061,-0.7015256341467975,27.489215219380036
1197,21/22,31,3,poisson_rolling_306,com_poisson_rolling_306,2.9730411533824608,2.8177108360932976,0.15533031728916313,27.6445455366692
1198,21/22,31,4,poisson_rolling_306,com_poisson_rolling_306,2.9730411533824608,2.8177108360932976,0.15533031728916313,27.799875853958362
1199,21/22,31,5,poisson_rolling_306,com_poisson_rolling_306,2.9242533689034573,2.733270142405715,0.19098322649774246,27.990859080456104
1200,21/22,31,6,poisson_rolling_306,com_poisson_rolling_306,3.306657738308438,3.3246034193403347,-0.017945681031896754,27.972913399424208
1201,21/22,31,7,poisson_rolling_306,com_poisson_rolling_306,2.944472749695983,2.7586855497857954,0.18578719991018744,28.158700599334395
1202,21/22,31,8,poisson_rolling_306,com_poisson_rolling_306,3.193345726476416,3.1539699808354413,0.03937574564097446,28.19807634497537
1203,21/22,31,9,poisson_rolling_306,com_poisson_rolling_306,2.922052493613613,2.7343092423810305,0.1877432512325825,28.385819596207952
1204,21/22,32,1,poisson_rolling_306,com_poisson_rolling_306,2.9896444557210984,2.8186175924086,0.17102686331249828,28.55684645952045
1205,21/22,32,2,poisson_rolling_306,com_poisson_rolling_306,3.0482357056270857,2.9007105240385727,0.14752518158851302,28.704371641108963
1206,21/22,32,3,poisson_rolling_306,com_poisson_rolling_306,3.2164141904740617,3.140133564075768,0.0762806263982938,28.780652267507257
1207,21/22,32,4,poisson_rolling_306,com_poisson_rolling_306,2.924945018432304,2.7318628729954355,0.1930821454368683,28.973734412944125
1208,21/22,32,5,poisson_rolling_306,com_poisson_rolling_306,3.325436294006913,3.2966299030866253,0.028806390920287583,29.002540803864413
1209,21/22,32,6,poisson_rolling_306,com_poisson_rolling_306,3.0144991970637633,2.8813868957028035,0.13311230136095986,29.135653105225373
1210,21/22,32,7,poisson_rolling_306,com_poisson_rolling_306,2.924945018432304,2.7318628729954355,0.1930821454368683,29.32873525066224
1211,21/22,32,8,poisson_rolling_306,com_poisson_rolling_306,3.2164141904740617,3.140133564075768,0.0762806263982938,29.405015877060535
1212,21/22,32,9,poisson_rolling_306,com_poisson_rolling_306,2.924945018432304,2.7318628729954355,0.1930821454368683,29.598098022497403
1213,21/22,33,1,poisson_rolling_306,com_poisson_rolling_306,3.7521552958742177,4.0248683008483255,-0.2727130049741078,29.325385017523296
1214,21/22,33,2,poisson_rolling_306,com_poisson_rolling_306,3.118572056141545,2.991522646148624,0.12704940999292091,29.452434427516216
1215,21/22,33,3,poisson_rolling_306,com_poisson_rolling_306,3.1815431853618463,3.135522295849043,0.046020889512803365,29.49845531702902
1216,21/22,33,4,poisson_rolling_306,com_poisson_rolling_306,4.095245458227851,4.447324845230028,-0.35207938700217767,29.146375930026842
1217,21/22,33,5,poisson_rolling_306,com_poisson_rolling_306,3.5776910879307593,3.7540212038975227,-0.1763301159667634,28.97004581406008
1218,21/22,33,6,poisson_rolling_306,com_poisson_rolling_306,4.16751438105058,4.667866228471993,-0.5003518474214133,28.469693966638665
1219,21/22,33,7,poisson_rolling_306,com_poisson_rolling_306,4.674855855938631,5.4511330953390456,-0.7762772394004145,27.69341672723825
1220,21/22,33,8,poisson_rolling_306,com_poisson_rolling_306,3.118572056141545,2.991522646148624,0.12704940999292091,27.820466137231172
1221,21/22,33,9,poisson_rolling_306,com_poisson_rolling_306,4.2968324731863845,4.7499386716469445,-0.45310619846056,27.367359938770612
1222,21/22,34,1,poisson_rolling_306,com_poisson_rolling_306,7.139045422569524,8.730121508588411,-1.5910760860188873,25.776283852751725
1223,21/22,34,2,poisson_rolling_306,com_poisson_rolling_306,5.2822765917889,6.077328839093241,-0.7950522473043407,24.981231605447384
1224,21/22,34,3,poisson_rolling_306,com_poisson_rolling_306,2.961810329886333,2.8085842517182584,0.15322607816807476,25.13445768361546
1225,21/22,34,4,poisson_rolling_306,com_poisson_rolling_306,3.080890544668648,2.9883655880494757,0.09252495661917237,25.22698264023463
1226,21/22,34,5,poisson_rolling_306,com_poisson_rolling_306,3.0508167460870084,2.9126347835541537,0.13818196253285464,25.365164602767486
1227,21/22,34,6,poisson_rolling_306,com_poisson_rolling_306,2.961810329886333,2.8085842517182584,0.15322607816807476,25.51839068093556
1228,21/22,34,7,poisson_rolling_306,com_poisson_rolling_306,2.9310274603944038,2.7601554810293862,0.17087197936501752,25.689262660300578
1229,21/22,34,8,poisson_rolling_306,com_poisson_rolling_306,3.2791968072179714,3.282374246264368,-0.0031774390463965574,25.68608522125418
1230,21/22,34,9,poisson_rolling_306,com_poisson_rolling_306,3.1272794069486736,3.018831544007469,0.10844786294120468,25.794533084195386
1231,22/23,1,1,poisson_rolling_306,com_poisson_rolling_306,3.41365707141334,3.4665173796996385,-0.05286030828629862,25.741672775909088
1232,22/23,1,2,poisson_rolling_306,com_poisson_rolling_306,2.948678968012345,2.7956761669545926,0.15300280105775244,25.89467557696684
1233,22/23,1,3,poisson_rolling_306,com_poisson_rolling_306,3.04882822300722,2.926604110158962,0.12222411284825796,26.016899689815098
1234,22/23,1,4,poisson_rolling_306,com_poisson_rolling_306,3.3265665582292314,3.298467456666316,0.028099101562915507,26.044998791378013
1235,22/23,1,5,poisson_rolling_306,com_poisson_rolling_306,3.3265665582292314,3.298467456666316,0.028099101562915507,26.07309789294093
1236,22/23,1,6,poisson_rolling_306,com_poisson_rolling_306,2.9193391154308443,2.762188372324431,0.15715074310641342,26.230248636047342
1237,22/23,1,7,poisson_rolling_306,com_poisson_rolling_306,3.124693155219873,3.027557876019756,0.097135279200117,26.32738391524746
1238,22/23,1,8,poisson_rolling_306,com_poisson_rolling_306,3.3265665582292314,3.298467456666316,0.028099101562915507,26.355483016810375
1239,22/23,1,9,poisson_rolling_306,com_poisson_rolling_306,2.9320275805596197,2.783092098542653,0.1489354820169666,26.50441849882734
1240,22/23,2,1,poisson_rolling_306,com_poisson_rolling_306,3.1115836778005317,2.997031577207835,0.1145521005926966,26.618970599420038
1241,22/23,2,2,poisson_rolling_306,com_poisson_rolling_306,2.921741851396412,2.744044184773017,0.17769766662339492,26.796668266043433
1242,22/23,2,3,poisson_rolling_306,com_poisson_rolling_306,3.4296116261309706,3.4423230500371886,-0.012711423906218045,26.783956842137215
1243,22/23,2,4,poisson_rolling_306,com_poisson_rolling_306,3.89169184266769,4.0947407781286955,-0.20304893546100544,26.58090790667621
1244,22/23,2,5,poisson_rolling_306,com_poisson_rolling_306,3.768537816658757,3.9975735703337563,-0.2290357536749994,26.35187215300121
1245,22/23,2,6,poisson_rolling_306,com_poisson_rolling_306,2.983153132088468,2.8203581325161196,0.16279499957234833,26.51466715257356
1246,22/23,2,7,poisson_rolling_306,com_poisson_rolling_306,2.944876818623989,2.7693178692338023,0.17555894939018657,26.690226101963745
1247,22/23,2,8,poisson_rolling_306,com_poisson_rolling_306,3.89169184266769,4.0947407781286955,-0.20304893546100544,26.48717716650274
1248,22/23,2,9,poisson_rolling_306,com_poisson_rolling_306,3.0388211882648832,2.8964051977409753,0.14241599052390796,26.629593157026648
1249,22/23,3,1,poisson_rolling_306,com_poisson_rolling_306,3.1902671206713933,3.110513865325217,0.07975325534617639,26.709346412372824
1250,22/23,3,2,poisson_rolling_306,com_poisson_rolling_306,2.9782673982128074,2.8422020607896883,0.1360653374231191,26.845411749795943
1251,22/23,3,3,poisson_rolling_306,com_poisson_rolling_306,2.9425595352297194,2.7773019622372175,0.16525757299250188,27.010669322788445
1252,22/23,3,4,poisson_rolling_306,com_poisson_rolling_306,3.70262448057386,3.815477738991703,-0.112853258417843,26.897816064370602
1253,22/23,3,5,poisson_rolling_306,com_poisson_rolling_306,3.414441020356236,3.4180388768929646,-0.0035978565367287274,26.894218207833873
1254,22/23,3,6,poisson_rolling_306,com_poisson_rolling_306,2.9786936282974636,2.824373940003156,0.15431968829430787,27.04853789612818
1255,22/23,3,7,poisson_rolling_306,com_poisson_rolling_306,3.3190234424353946,3.335601532629724,-0.01657809019432932,27.03195980593385
1256,22/23,3,8,poisson_rolling_306,com_poisson_rolling_306,3.1902671206713933,3.110513865325217,0.07975325534617639,27.111713061280028
1257,22/23,3,9,poisson_rolling_306,com_poisson_rolling_306,2.9237090087956403,2.7581934768777927,0.16551553191784762,27.277228593197876
1258,22/23,4,1,poisson_rolling_306,com_poisson_rolling_306,3.410277401523196,3.411513452535303,-0.0012360510121069979,27.27599254218577
1259,22/23,4,2,poisson_rolling_306,com_poisson_rolling_306,3.187291997238198,3.10777559422246,0.07951640301573804,27.355508945201507
1260,22/23,4,3,poisson_rolling_306,com_poisson_rolling_306,3.2906544389447916,3.2483082358052684,0.0423462031395232,27.39785514834103
1261,22/23,4,4,poisson_rolling_306,com_poisson_rolling_306,5.730319084482211,6.606944477294746,-0.8766253928125352,26.521229755528495
1262,22/23,4,5,poisson_rolling_306,com_poisson_rolling_306,2.9775012479640353,2.8260244597947803,0.15147678816925492,26.67270654369775
1263,22/23,4,6,poisson_rolling_306,com_poisson_rolling_306,3.1004588574827565,2.990290298021307,0.11016855946144943,26.7828751031592
1264,22/23,4,7,poisson_rolling_306,com_poisson_rolling_306,3.7957235496943227,4.009966356810963,-0.21424280711664068,26.56863229604256
1265,22/23,4,8,poisson_rolling_306,com_poisson_rolling_306,3.1004588574827565,2.990290298021307,0.11016855946144943,26.678800855504008
1266,22/23,4,9,poisson_rolling_306,com_poisson_rolling_306,2.9800462563789907,2.847517976152915,0.13252828022607588,26.811329135730084
1267,22/23,5,1,poisson_rolling_306,com_poisson_rolling_306,3.5187427026485167,3.5590106017549346,-0.040267899106417815,26.771061236623666
1268,22/23,5,2,poisson_rolling_306,com_poisson_rolling_306,2.95006564727759,2.8025707888589153,0.14749485841867482,26.91855609504234
1269,22/23,5,3,poisson_rolling_306,com_poisson_rolling_306,2.9388812316255937,2.7763036597177546,0.16257757190783906,27.08113366695018
1270,22/23,5,4,poisson_rolling_306,com_poisson_rolling_306,2.92448065361841,2.759809154688142,0.164671498930268,27.245805165880448
1271,22/23,5,5,poisson_rolling_306,com_poisson_rolling_306,3.1295577206035645,3.0632618214051632,0.06629589919840129,27.31210106507885
1272,22/23,5,6,poisson_rolling_306,com_poisson_rolling_306,2.9388812316255937,2.7763036597177546,0.16257757190783906,27.474678636986688
1273,22/23,5,7,poisson_rolling_306,com_poisson_rolling_306,3.666674673280248,3.7614915955680743,-0.09481692228782634,27.379861714698862
1274,22/23,5,8,poisson_rolling_306,com_poisson_rolling_306,3.0204732845506257,2.8828213985887174,0.13765188596190825,27.51751360066077
1275,22/23,5,9,poisson_rolling_306,com_poisson_rolling_306,4.411112558857546,4.784114597702725,-0.37300203884517913,27.14451156181559
1276,22/23,6,1,poisson_rolling_306,com_poisson_rolling_306,3.268319163306508,3.216740044538554,0.05157911876795396,27.196090680583545
1277,22/23,6,2,poisson_rolling_306,com_poisson_rolling_306,3.1687515675414843,3.0807941162590993,0.08795745128238508,27.28404813186593
1278,22/23,6,3,poisson_rolling_306,com_poisson_rolling_306,2.9508502393586653,2.800815368534799,0.15003487082386613,27.434083002689796
1279,22/23,6,4,poisson_rolling_306,com_poisson_rolling_306,4.629370051923054,5.095731841465877,-0.46636178954282315,26.967721213146973
1280,22/23,6,5,poisson_rolling_306,com_poisson_rolling_306,2.9918645942148103,2.8619606479540067,0.1299039462608036,27.097625159407777
1281,22/23,6,6,poisson_rolling_306,com_poisson_rolling_306,4.629370051923054,5.095731841465877,-0.46636178954282315,26.631263369864953
1282,22/23,6,7,poisson_rolling_306,com_poisson_rolling_306,3.268319163306508,3.216740044538554,0.05157911876795396,26.682842488632907
1283,22/23,6,8,poisson_rolling_306,com_poisson_rolling_306,2.970345356092004,2.8135687868184647,0.15677656927353922,26.839619057906447
1284,22/23,6,9,poisson_rolling_306,com_poisson_rolling_306,4.406569815734038,4.787017859949529,-0.38044804421549117,26.459171013690955
1285,22/23,7,1,poisson_rolling_306,com_poisson_rolling_306,2.9260126931229493,2.7702686205904996,0.1557440725324497,26.614915086223405
1286,22/23,7,2,poisson_rolling_306,com_poisson_rolling_306,3.3554281236540433,3.33503515395374,0.020392969700303354,26.63530805592371
1287,22/23,7,3,poisson_rolling_306,com_poisson_rolling_306,2.9357471275822107,2.780263953166397,0.1554831744158136,26.790791230339522
1288,22/23,7,4,poisson_rolling_306,com_poisson_rolling_306,2.9631811391408363,2.8145005188394947,0.14868062030134155,26.939471850640864
1289,22/23,7,5,poisson_rolling_306,com_poisson_rolling_306,3.148654386987438,3.0585128816433524,0.09014150534408572,27.02961335598495
1290,22/23,7,6,poisson_rolling_306,com_poisson_rolling_306,3.148654386987438,3.0585128816433524,0.09014150534408572,27.119754861329035
1291,22/23,7,7,poisson_rolling_306,com_poisson_rolling_306,3.1544204778477436,3.0997789808761667,0.05464149697157694,27.174396358300612
1292,22/23,7,8,poisson_rolling_306,com_poisson_rolling_306,3.5262279322287853,3.619014876912175,-0.09278694468338955,27.081609413617223
1293,22/23,7,9,poisson_rolling_306,com_poisson_rolling_306,5.311463449839472,5.980640338374414,-0.6691768885349418,26.41243252508228
1294,22/23,8,1,poisson_rolling_306,com_poisson_rolling_306,2.940274584013018,2.7828312317121657,0.15744335230085227,26.569875877383133
1295,22/23,8,2,poisson_rolling_306,com_poisson_rolling_306,3.088075589743248,3.0006078273045915,0.0874677624386564,26.65734363982179
1296,22/23,8,3,poisson_rolling_306,com_poisson_rolling_306,2.957690043387082,2.7964175355280503,0.16127250785903158,26.81861614768082
1297,22/23,8,4,poisson_rolling_306,com_poisson_rolling_306,3.223128011663924,3.153724646553158,0.06940336511076595,26.888019512791587
1298,22/23,8,5,poisson_rolling_306,com_poisson_rolling_306,5.212965229572838,6.0158290886407,-0.8028638590678625,26.085155653723724
1299,22/23,8,6,poisson_rolling_306,com_poisson_rolling_306,2.957690043387082,2.7964175355280503,0.16127250785903158,26.246428161582756
1300,22/23,8,7,poisson_rolling_306,com_poisson_rolling_306,3.283107407876109,3.280924119918197,0.0021832879579122277,26.248611449540668
1301,22/23,8,8,poisson_rolling_306,com_poisson_rolling_306,3.748906563785077,3.87560288112725,-0.1266963173421729,26.121915132198495
1302,22/23,8,9,poisson_rolling_306,com_poisson_rolling_306,5.2486277760837865,5.950551994502135,-0.7019242184183483,25.419990913780147
1303,22/23,9,1,poisson_rolling_306,com_poisson_rolling_306,3.284282796566515,3.280037288230787,0.004245508335728232,25.424236422115875
1304,22/23,9,2,poisson_rolling_306,com_poisson_rolling_306,3.729962847789153,3.892078711537991,-0.1621158637488378,25.262120558367037
1305,22/23,9,3,poisson_rolling_306,com_poisson_rolling_306,3.4120788191063127,3.4559788188163765,-0.04389999971006375,25.218220558656974
1306,22/23,9,4,poisson_rolling_306,com_poisson_rolling_306,2.9340217448316537,2.7843383225888516,0.14968342224280207,25.367903980899776
1307,22/23,9,5,poisson_rolling_306,com_poisson_rolling_306,3.284282796566515,3.280037288230787,0.004245508335728232,25.372149489235504
1308,22/23,9,6,poisson_rolling_306,com_poisson_rolling_306,2.9340217448316537,2.7843383225888516,0.14968342224280207,25.521832911478306
1309,22/23,9,7,poisson_rolling_306,com_poisson_rolling_306,3.453226760397513,3.4641305372406492,-0.01090377684313637,25.51092913463517
1310,22/23,9,8,poisson_rolling_306,com_poisson_rolling_306,3.1309327467388357,3.037894822528145,0.0930379242106909,25.60396705884586
1311,22/23,9,9,poisson_rolling_306,com_poisson_rolling_306,3.2221902902617217,3.1581069253073366,0.06408336495438505,25.668050423800246
1312,22/23,10,1,poisson_rolling_306,com_poisson_rolling_306,3.1365612652650015,3.047528535039689,0.08903273022531266,25.75708315402556
1313,22/23,10,2,poisson_rolling_306,com_poisson_rolling_306,2.9592090133738083,2.8187811004211056,0.14042791295270263,25.89751106697826
1314,22/23,10,3,poisson_rolling_306,com_poisson_rolling_306,3.1693973426433075,3.1223750392544076,0.0470223033888999,25.94453337036716
1315,22/23,10,4,poisson_rolling_306,com_poisson_rolling_306,3.759353319491751,3.8678393832993407,-0.10848606380758952,25.83604730655957
1316,22/23,10,5,poisson_rolling_306,com_poisson_rolling_306,3.0605409579705594,2.9485979818064294,0.11194297616412996,25.9479902827237
1317,22/23,10,6,poisson_rolling_306,com_poisson_rolling_306,3.082898720439985,3.0032270149897755,0.07967170545020963,26.02766198817391
1318,22/23,10,7,poisson_rolling_306,com_poisson_rolling_306,3.549325792979758,3.6414234656126467,-0.09209767263288882,25.935564315541022
1319,22/23,10,8,poisson_rolling_306,com_poisson_rolling_306,6.761816479685862,7.8597998431309435,-1.0979833634450813,24.83758095209594
1320,22/23,10,9,poisson_rolling_306,com_poisson_rolling_306,3.1365612652650015,3.047528535039689,0.08903273022531266,24.926613682321253
1321,22/23,11,1,poisson_rolling_306,com_poisson_rolling_306,2.9745448911114707,2.863835018887869,0.11070987222360174,25.037323554544855
1322,22/23,11,2,poisson_rolling_306,com_poisson_rolling_306,3.2156791565003644,3.1561441331425044,0.059535023357859984,25.096858577902715
1323,22/23,11,3,poisson_rolling_306,com_poisson_rolling_306,3.5822870491122174,3.6254417630334217,-0.04315471392120429,25.05370386398151
1324,22/23,11,4,poisson_rolling_306,com_poisson_rolling_306,3.02510107828747,2.9323920305080833,0.09270904777938682,25.146412911760898
1325,22/23,11,5,poisson_rolling_306,com_poisson_rolling_306,3.3219654408173156,3.2918482889249674,0.030117151892348204,25.176530063653246
1326,22/23,11,6,poisson_rolling_306,com_poisson_rolling_306,3.292553023737959,3.2888516173516678,0.0037014063862912394,25.180231470039537
1327,22/23,11,7,poisson_rolling_306,com_poisson_rolling_306,2.955872678565335,2.828653545433042,0.12721913313229294,25.30745060317183
1328,22/23,11,8,poisson_rolling_306,com_poisson_rolling_306,3.5822870491122174,3.6254417630334217,-0.04315471392120429,25.264295889250626
1329,22/23,11,9,poisson_rolling_306,com_poisson_rolling_306,3.1256533930551953,3.0416165945367197,0.08403679851847556,25.3483326877691
1330,22/23,12,1,poisson_rolling_306,com_poisson_rolling_306,3.12070997385905,3.0362292391712487,0.08448073468780137,25.432813422456903
1331,22/23,12,2,poisson_rolling_306,com_poisson_rolling_306,3.7250242243902107,3.8071723685029752,-0.0821481441127645,25.350665278344138
1332,22/23,12,3,poisson_rolling_306,com_poisson_rolling_306,3.12070997385905,3.0362292391712487,0.08448073468780137,25.43514601303194
1333,22/23,12,4,poisson_rolling_306,com_poisson_rolling_306,2.9300810769491648,2.8021854736384597,0.12789560331070504,25.563041616342645
1334,22/23,12,5,poisson_rolling_306,com_poisson_rolling_306,2.933412952017477,2.8038371407458413,0.12957581127163564,25.69261742761428
1335,22/23,12,6,poisson_rolling_306,com_poisson_rolling_306,3.0483852273037257,2.9450355361088185,0.10334969119490722,25.795967118809187
1336,22/23,12,7,poisson_rolling_306,com_poisson_rolling_306,2.933412952017477,2.8038371407458413,0.12957581127163564,25.925542930080823
1337,22/23,12,8,poisson_rolling_306,com_poisson_rolling_306,3.7250242243902107,3.8071723685029752,-0.0821481441127645,25.84339478596806
1338,22/23,12,9,poisson_rolling_306,com_poisson_rolling_306,3.7250242243902107,3.8071723685029752,-0.0821481441127645,25.761246641855294
1339,22/23,13,1,poisson_rolling_306,com_poisson_rolling_306,2.931702130145027,2.805788222866667,0.12591390727835972,25.887160549133654
1340,22/23,13,2,poisson_rolling_306,com_poisson_rolling_306,4.054490292716537,4.2269281218347174,-0.17243782911818073,25.714722720015473
1341,22/23,13,3,poisson_rolling_306,com_poisson_rolling_306,2.988872973522348,2.8718632836394846,0.1170096898828632,25.831732409898336
1342,22/23,13,4,poisson_rolling_306,com_poisson_rolling_306,3.422439412362138,3.419674985047621,0.0027644273145170928,25.834496837212853
1343,22/23,13,5,poisson_rolling_306,com_poisson_rolling_306,2.988872973522348,2.8718632836394846,0.1170096898828632,25.951506527095717
1344,22/23,13,6,poisson_rolling_306,com_poisson_rolling_306,3.2014821763883106,3.1680030817894504,0.033479094598860115,25.984985621694577
1345,22/23,13,7,poisson_rolling_306,com_poisson_rolling_306,2.988872973522348,2.8718632836394846,0.1170096898828632,26.10199531157744
1346,22/23,13,8,poisson_rolling_306,com_poisson_rolling_306,3.042518708848462,2.93864109077073,0.10387761807773188,26.205872929655172
1347,22/23,13,9,poisson_rolling_306,com_poisson_rolling_306,3.1999537180847426,3.13707504438419,0.06287867370055267,26.268751603355724
1348,22/23,14,1,poisson_rolling_306,com_poisson_rolling_306,3.324328427499779,3.329278321357492,-0.00494989385771305,26.26380170949801
1349,22/23,14,2,poisson_rolling_306,com_poisson_rolling_306,3.857863222014572,3.9734034194670187,-0.11554019745244659,26.148261512045565
1350,22/23,14,3,poisson_rolling_306,com_poisson_rolling_306,5.416191949497261,5.965303344424996,-0.5491113949277349,25.59915011711783
1351,22/23,14,4,poisson_rolling_306,com_poisson_rolling_306,2.9332195459224977,2.809244890016714,0.12397465590578349,25.723124773023613
1352,22/23,14,5,poisson_rolling_306,com_poisson_rolling_306,3.037729369837564,2.9336805930513776,0.10404877678618618,25.8271735498098
1353,22/23,14,6,poisson_rolling_306,com_poisson_rolling_306,2.9513547579666977,2.8352291522788278,0.11612560568786989,25.94329915549767
1354,22/23,14,7,poisson_rolling_306,com_poisson_rolling_306,3.1920110016796457,3.1274998812126853,0.06451112046696039,26.00781027596463
1355,22/23,14,8,poisson_rolling_306,com_poisson_rolling_306,2.9513547579666977,2.8352291522788278,0.11612560568786989,26.1239358816525
1356,22/23,14,9,poisson_rolling_306,com_poisson_rolling_306,2.985660323208549,2.8691103289073396,0.11654999430120938,26.24048587595371
1357,22/23,15,1,poisson_rolling_306,com_poisson_rolling_306,3.0505871133546236,2.9713562099667428,0.07923090338788086,26.31971677934159
1358,22/23,15,2,poisson_rolling_306,com_poisson_rolling_306,3.2221854659271116,3.195476249918343,0.02670921600876852,26.34642599535036
1359,22/23,15,3,poisson_rolling_306,com_poisson_rolling_306,3.1827934306684824,3.117942901068872,0.06485052959961024,26.41127652494997
1360,22/23,15,4,poisson_rolling_306,com_poisson_rolling_306,2.982039116184751,2.8689569430878947,0.11308217309685631,26.524358698046825
1361,22/23,15,5,poisson_rolling_306,com_poisson_rolling_306,2.9332125416820816,2.8115432978679706,0.12166924381411093,26.646027941860936
1362,22/23,15,6,poisson_rolling_306,com_poisson_rolling_306,4.636785041148272,4.952755554308155,-0.31597051315988267,26.330057428701053
1363,22/23,15,7,poisson_rolling_306,com_poisson_rolling_306,4.225692775145831,4.492035107090558,-0.26634233194472756,26.063715096756326
1364,22/23,15,8,poisson_rolling_306,com_poisson_rolling_306,3.1827934306684824,3.117942901068872,0.06485052959961024,26.128565626355936
1365,22/23,15,9,poisson_rolling_306,com_poisson_rolling_306,2.982039116184751,2.8689569430878947,0.11308217309685631,26.241647799452792
1366,22/23,16,1,poisson_rolling_306,com_poisson_rolling_306,3.39479254063243,3.3836711975482814,0.011121343084148805,26.25276914253694
1367,22/23,16,2,poisson_rolling_306,com_poisson_rolling_306,4.202628537110961,4.392666695479718,-0.1900381583687576,26.062730984168184
1368,22/23,16,3,poisson_rolling_306,com_poisson_rolling_306,2.9484718563926364,2.833825133417875,0.11464672297476142,26.177377707142945
1369,22/23,16,4,poisson_rolling_306,com_poisson_rolling_306,2.9484718563926364,2.833825133417875,0.11464672297476142,26.292024430117706
1370,22/23,16,5,poisson_rolling_306,com_poisson_rolling_306,3.39479254063243,3.3836711975482814,0.011121343084148805,26.303145773201855
1371,22/23,16,6,poisson_rolling_306,com_poisson_rolling_306,3.8116352164263034,3.9503541769251314,-0.13871896049882793,26.164426812703027
1372,22/23,16,7,poisson_rolling_306,com_poisson_rolling_306,3.34123047313269,3.3489129339394452,-0.007682460806755387,26.156744351896272
1373,22/23,16,8,poisson_rolling_306,com_poisson_rolling_306,4.408877157034162,4.650923655503348,-0.24204649846918613,25.914697853427086
1374,22/23,16,9,poisson_rolling_306,com_poisson_rolling_306,3.34123047313269,3.3489129339394452,-0.007682460806755387,25.90701539262033
1375,22/23,17,1,poisson_rolling_306,com_poisson_rolling_306,3.027610014445237,2.92760180987041,0.10000820457482718,26.007023597195158
1376,22/23,17,2,poisson_rolling_306,com_poisson_rolling_306,3.232217579934918,3.208610486087437,0.023607093847481053,26.03063069104264
1377,22/23,17,3,poisson_rolling_306,com_poisson_rolling_306,2.937079701497261,2.822349242161252,0.114730459336009,26.145361150378648
1378,22/23,17,4,poisson_rolling_306,com_poisson_rolling_306,3.027610014445237,2.92760180987041,0.10000820457482718,26.245369354953475
1379,22/23,17,5,poisson_rolling_306,com_poisson_rolling_306,3.027610014445237,2.92760180987041,0.10000820457482718,26.345377559528302
1380,22/23,17,6,poisson_rolling_306,com_poisson_rolling_306,3.057360381203786,2.982066861170452,0.075293520033334,26.420671079561636
1381,22/23,17,7,poisson_rolling_306,com_poisson_rolling_306,3.273073000830358,3.2317381497261835,0.041334851104174675,26.46200593066581
1382,22/23,17,8,poisson_rolling_306,com_poisson_rolling_306,2.9790358455579806,2.868388277210599,0.11064756834738176,26.572653499013192
1383,22/23,17,9,poisson_rolling_306,com_poisson_rolling_306,3.027610014445237,2.92760180987041,0.10000820457482718,26.67266170358802
1384,22/23,18,1,poisson_rolling_306,com_poisson_rolling_306,3.2717262915390677,3.2273618410703193,0.04436445046874837,26.717026154056768
1385,22/23,18,2,poisson_rolling_306,com_poisson_rolling_306,3.515352434972158,3.5374040282481474,-0.02205159327598949,26.69497456078078
1386,22/23,18,3,poisson_rolling_306,com_poisson_rolling_306,5.708809041950516,6.441521674640427,-0.7327126326899105,25.962261928090868
1387,22/23,18,4,poisson_rolling_306,com_poisson_rolling_306,3.660543871708711,3.722679668187425,-0.0621357964787137,25.900126131612154
1388,22/23,18,5,poisson_rolling_306,com_poisson_rolling_306,2.9786193688290155,2.85852599985796,0.12009336897105527,26.02021950058321
1389,22/23,18,6,poisson_rolling_306,com_poisson_rolling_306,3.2717262915390677,3.2273618410703193,0.04436445046874837,26.064583951051958
1390,22/23,18,7,poisson_rolling_306,com_poisson_rolling_306,3.2336615683306036,3.2095455061376015,0.024116062193002108,26.08870001324496
1391,22/23,18,8,poisson_rolling_306,com_poisson_rolling_306,3.026960979575648,2.918465777048624,0.10849520252702405,26.197195215771984
1392,22/23,18,9,poisson_rolling_306,com_poisson_rolling_306,3.1737877396530223,3.103237380594379,0.07055035905864315,26.267745574830627
1393,22/23,19,1,poisson_rolling_306,com_poisson_rolling_306,2.9404143934157716,2.8187641513160457,0.12165024209972586,26.389395816930353
1394,22/23,19,2,poisson_rolling_306,com_poisson_rolling_306,2.93418964310316,2.8081691898235164,0.12602045327964362,26.515416270209997
1395,22/23,19,3,poisson_rolling_306,com_poisson_rolling_306,4.3614470940472,4.614743160226013,-0.2532960661788124,26.262120204031184
1396,22/23,19,4,poisson_rolling_306,com_poisson_rolling_306,3.25811553054384,3.210345701376056,0.04776982916778394,26.30989003319897
1397,22/23,19,5,poisson_rolling_306,com_poisson_rolling_306,3.25811553054384,3.210345701376056,0.04776982916778394,26.357659862366752
1398,22/23,19,6,poisson_rolling_306,com_poisson_rolling_306,2.9404143934157716,2.8187641513160457,0.12165024209972586,26.479310104466478
1399,22/23,19,7,poisson_rolling_306,com_poisson_rolling_306,3.162557586546505,3.089724853786194,0.0728327327603111,26.55214283722679
1400,22/23,19,8,poisson_rolling_306,com_poisson_rolling_306,3.4969804581995376,3.513144313618355,-0.016163855418817263,26.535978981807972
1401,22/23,19,9,poisson_rolling_306,com_poisson_rolling_306,3.4969804581995376,3.513144313618355,-0.016163855418817263,26.519815126389155
1402,22/23,20,1,poisson_rolling_306,com_poisson_rolling_306,2.944103207531114,2.8084839604793075,0.13561924705180672,26.65543437344096
1403,22/23,20,2,poisson_rolling_306,com_poisson_rolling_306,2.944103207531114,2.8084839604793075,0.13561924705180672,26.791053620492768
1404,22/23,20,3,poisson_rolling_306,com_poisson_rolling_306,2.9712624939038363,2.852585691247853,0.11867680265598324,26.90973042314875
1405,22/23,20,4,poisson_rolling_306,com_poisson_rolling_306,4.32722140356195,4.594064456694284,-0.2668430531323338,26.642887370016417
1406,22/23,20,5,poisson_rolling_306,com_poisson_rolling_306,3.080583487237348,3.001954436169953,0.07862905106739504,26.721516421083813
1407,22/23,20,6,poisson_rolling_306,com_poisson_rolling_306,3.6939622051096848,3.822651582291755,-0.12868937718207007,26.592827043901742
1408,22/23,20,7,poisson_rolling_306,com_poisson_rolling_306,3.073532794030527,2.9703311477568235,0.10320164627370332,26.696028690175446
1409,22/23,20,8,poisson_rolling_306,com_poisson_rolling_306,4.127413375689613,4.33406657271955,-0.20665319702993656,26.48937549314551
1410,22/23,20,9,poisson_rolling_306,com_poisson_rolling_306,2.944103207531114,2.8084839604793075,0.13561924705180672,26.624994740197316
1411,22/23,21,1,poisson_rolling_306,com_poisson_rolling_306,3.335084558162329,3.3060806158322436,0.029003942330085408,26.6539986825274
1412,22/23,21,2,poisson_rolling_306,com_poisson_rolling_306,4.596804797654279,5.018054831627708,-0.4212500339734291,26.232748648553972
1413,22/23,21,3,poisson_rolling_306,com_poisson_rolling_306,2.966548357258297,2.836027538732864,0.13052081852543296,26.363269467079405
1414,22/23,21,4,poisson_rolling_306,com_poisson_rolling_306,3.09247977979377,3.017976553829996,0.0745032259637739,26.43777269304318
1415,22/23,21,5,poisson_rolling_306,com_poisson_rolling_306,3.0646348510526664,2.9592812003320574,0.10535365072060898,26.543126343763788
1416,22/23,21,6,poisson_rolling_306,com_poisson_rolling_306,3.594559399084126,3.6412369248859733,-0.04667752580184725,26.49644881796194
1417,22/23,21,7,poisson_rolling_306,com_poisson_rolling_306,3.283205940821496,3.273933456465997,0.009272484355498989,26.50572130231744
1418,22/23,21,8,poisson_rolling_306,com_poisson_rolling_306,3.1781338173790985,3.1332070469625393,0.044926770416559236,26.550648072734
1419,22/23,21,9,poisson_rolling_306,com_poisson_rolling_306,4.097721197177471,4.293586952012291,-0.19586575483481994,26.35478231789918
1420,22/23,22,1,poisson_rolling_306,com_poisson_rolling_306,2.964955857889869,2.8427753870194437,0.1221804708704255,26.476962788769605
1421,22/23,22,2,poisson_rolling_306,com_poisson_rolling_306,3.56367253823894,3.640051825628248,-0.0763792873893081,26.400583501380297
1422,22/23,22,3,poisson_rolling_306,com_poisson_rolling_306,3.7360383751824386,3.816298365683238,-0.08025999050079946,26.320323510879497
1423,22/23,22,4,poisson_rolling_306,com_poisson_rolling_306,2.981210483404716,2.873935903514294,0.10727457989042222,26.42759809076992
1424,22/23,22,5,poisson_rolling_306,com_poisson_rolling_306,3.3274386147983037,3.2972620553813528,0.030176559416950965,26.45777465018687
1425,22/23,22,6,poisson_rolling_306,com_poisson_rolling_306,3.584492078121862,3.623504510776982,-0.03901243265512022,26.41876221753175
1426,22/23,22,7,poisson_rolling_306,com_poisson_rolling_306,3.7360383751824386,3.816298365683238,-0.08025999050079946,26.33850222703095
1427,22/23,22,8,poisson_rolling_306,com_poisson_rolling_306,2.9376784694406197,2.812718358804986,0.12496011063563373,26.463462337666584
1428,22/23,22,9,poisson_rolling_306,com_poisson_rolling_306,3.222412333372638,3.164433323958221,0.05797900941441725,26.521441347081
1429,22/23,23,1,poisson_rolling_306,com_poisson_rolling_306,4.700205307004616,5.048377496318508,-0.3481721893138925,26.17326915776711
1430,22/23,23,2,poisson_rolling_306,com_poisson_rolling_306,3.7264484230869996,3.804465726693607,-0.07801730360660741,26.0952518541605
1431,22/23,23,3,poisson_rolling_306,com_poisson_rolling_306,3.103073411747353,3.035825341260974,0.06724807048637871,26.16249992464688
1432,22/23,23,4,poisson_rolling_306,com_poisson_rolling_306,2.9840593461287668,2.8770995520699643,0.10695979405880252,26.269459718705683
1433,22/23,23,5,poisson_rolling_306,com_poisson_rolling_306,4.9055686370884715,5.387753749609274,-0.48218511252080276,25.78727460618488
1434,22/23,23,6,poisson_rolling_306,com_poisson_rolling_306,3.298294086176533,3.2929031834956533,0.005390902680879606,25.79266550886576
1435,22/23,23,7,poisson_rolling_306,com_poisson_rolling_306,3.5759386939280446,3.6127815292384895,-0.036842835310444855,25.755822673555315
1436,22/23,23,8,poisson_rolling_306,com_poisson_rolling_306,3.32095836640773,3.2888311179514886,0.032127248456241375,25.787949922011556
1437,22/23,23,9,poisson_rolling_306,com_poisson_rolling_306,3.2169686528836863,3.1571855328520115,0.05978312003167474,25.84773304204323
1438,22/23,24,1,poisson_rolling_306,com_poisson_rolling_306,2.942179958905463,2.8264784792850435,0.11570147962041943,25.96343452166365
1439,22/23,24,2,poisson_rolling_306,com_poisson_rolling_306,2.962557464055955,2.8498865590129014,0.11267090504305344,26.076105426706704
1440,22/23,24,3,poisson_rolling_306,com_poisson_rolling_306,4.062052811683067,4.2144286735635035,-0.1523758618804365,25.923729564826267
1441,22/23,24,4,poisson_rolling_306,com_poisson_rolling_306,2.9866403312911487,2.8895198092705243,0.09712052202062438,26.02085008684689
1442,22/23,24,5,poisson_rolling_306,com_poisson_rolling_306,2.939194196466879,2.8250199885760594,0.11417420789081945,26.13502429473771
1443,22/23,24,6,poisson_rolling_306,com_poisson_rolling_306,3.1251168181692393,3.0481185235285295,0.07699829464070973,26.21202258937842
1444,22/23,24,7,poisson_rolling_306,com_poisson_rolling_306,4.464523547537773,4.717755238508261,-0.2532316909704875,25.958790898407933
1445,22/23,24,8,poisson_rolling_306,com_poisson_rolling_306,3.1074953819666646,3.046666787868986,0.06082859409767849,26.019619492505612
1446,22/23,24,9,poisson_rolling_306,com_poisson_rolling_306,2.962557464055955,2.8498865590129014,0.11267090504305344,26.132290397548665
1447,22/23,25,1,poisson_rolling_306,com_poisson_rolling_306,3.2984641716277636,3.261611942567157,0.03685222906060659,26.169142626609272
1448,22/23,25,2,poisson_rolling_306,com_poisson_rolling_306,3.1210250858142174,3.062372485600747,0.05865260021347041,26.227795226822742
1449,22/23,25,3,poisson_rolling_306,com_poisson_rolling_306,3.6929235368033986,3.755433280900661,-0.0625097440972624,26.16528548272548
1450,22/23,25,4,poisson_rolling_306,com_poisson_rolling_306,2.994657225859875,2.8971482815688887,0.09750894429098622,26.262794427016466
1451,22/23,25,5,poisson_rolling_306,com_poisson_rolling_306,3.0457869261240162,2.9478450295158325,0.09794189660818375,26.36073632362465
1452,22/23,25,6,poisson_rolling_306,com_poisson_rolling_306,3.5460907048122934,3.5713372291427277,-0.025246524330434283,26.335489799294216
1453,22/23,25,7,poisson_rolling_306,com_poisson_rolling_306,2.9416982817567217,2.8251488098570974,0.11654947189962428,26.45203927119384
1454,22/23,25,8,poisson_rolling_306,com_poisson_rolling_306,2.994657225859875,2.8971482815688887,0.09750894429098622,26.549548215484826
1455,22/23,25,9,poisson_rolling_306,com_poisson_rolling_306,4.2227646358616155,4.42118095482823,-0.19841631896661482,26.35113189651821
1456,22/23,26,1,poisson_rolling_306,com_poisson_rolling_306,3.486853499292806,3.534171022163207,-0.04731752287040081,26.30381437364781
1457,22/23,26,2,poisson_rolling_306,com_poisson_rolling_306,2.942333189078056,2.8232678328465397,0.11906535623151626,26.422879729879327
1458,22/23,26,3,poisson_rolling_306,com_poisson_rolling_306,3.5144467637502714,3.5313152751025143,-0.016868511352242876,26.406011218527084
1459,22/23,26,4,poisson_rolling_306,com_poisson_rolling_306,3.0070813343511134,2.912655773668064,0.09442556068304953,26.500436779210133
1460,22/23,26,5,poisson_rolling_306,com_poisson_rolling_306,3.9878175412685835,4.125736231440925,-0.13791869017234148,26.362518089037792
1461,22/23,26,6,poisson_rolling_306,com_poisson_rolling_306,6.8073643132155155,7.6825755792184225,-0.875211266002907,25.487306823034885
1462,22/23,26,7,poisson_rolling_306,com_poisson_rolling_306,4.592614875881338,4.887166087221345,-0.29455121134000706,25.192755611694878
1463,22/23,26,8,poisson_rolling_306,com_poisson_rolling_306,3.386887590213064,3.371590786826033,0.015296803387030877,25.20805241508191
1464,22/23,26,9,poisson_rolling_306,com_poisson_rolling_306,4.592614875881338,4.887166087221345,-0.29455121134000706,24.9135012037419
1465,22/23,27,1,poisson_rolling_306,com_poisson_rolling_306,3.527315636985861,3.5666719587635924,-0.039356321777731296,24.87414488196417
1466,22/23,27,2,poisson_rolling_306,com_poisson_rolling_306,2.9789895029486786,2.900699731319989,0.07828977162868966,24.95243465359286
1467,22/23,27,3,poisson_rolling_306,com_poisson_rolling_306,2.944049916145019,2.855502542187409,0.08854737395760992,25.04098202755047
1468,22/23,27,4,poisson_rolling_306,com_poisson_rolling_306,2.9786878252238296,2.89351154168871,0.08517628353511952,25.12615831108559
1469,22/23,27,5,poisson_rolling_306,com_poisson_rolling_306,3.615401549530958,3.6429954189501217,-0.027593869419163752,25.098564441666426
1470,22/23,27,6,poisson_rolling_306,com_poisson_rolling_306,3.6871666115619064,3.759541059165784,-0.07237444760387746,25.02618999406255
1471,22/23,27,7,poisson_rolling_306,com_poisson_rolling_306,3.0805637062459255,3.011928944883252,0.06863476136267366,25.094824755425222
1472,22/23,27,8,poisson_rolling_306,com_poisson_rolling_306,3.156026818604346,3.1004667571236695,0.05556006148067638,25.1503848169059
1473,22/23,27,9,poisson_rolling_306,com_poisson_rolling_306,3.7684228962352506,3.8242834084605164,-0.05586051222526578,25.094524304680633
1474,22/23,28,1,poisson_rolling_306,com_poisson_rolling_306,2.982880930254481,2.9085007714919726,0.07438015876250859,25.16890446344314
1475,22/23,28,2,poisson_rolling_306,com_poisson_rolling_306,2.952112506757203,2.867091883339171,0.08502062341803196,25.253925086861173
1476,22/23,28,3,poisson_rolling_306,com_poisson_rolling_306,4.505882164040457,4.69040710531722,-0.1845249412767629,25.06940014558441
1477,22/23,28,4,poisson_rolling_306,com_poisson_rolling_306,3.0175849178094722,2.94155828191181,0.07602663589766223,25.145426781482072
1478,22/23,28,5,poisson_rolling_306,com_poisson_rolling_306,3.1491835719522783,3.094523062516501,0.05466050943577727,25.20008729091785
1479,22/23,28,6,poisson_rolling_306,com_poisson_rolling_306,3.6024242034743565,3.6260528195461887,-0.023628616071832198,25.176458674846018
1480,22/23,28,7,poisson_rolling_306,com_poisson_rolling_306,3.1491835719522783,3.094523062516501,0.05466050943577727,25.231119184281795
1481,22/23,28,8,poisson_rolling_306,com_poisson_rolling_306,3.3992264212887733,3.410883543642356,-0.01165712235358285,25.219462061928212
1482,22/23,28,9,poisson_rolling_306,com_poisson_rolling_306,3.0175849178094722,2.94155828191181,0.07602663589766223,25.295488697825874
1483,22/23,29,1,poisson_rolling_306,com_poisson_rolling_306,4.0619993082877315,4.1617242771052645,-0.09972496881753301,25.19576372900834
1484,22/23,29,2,poisson_rolling_306,com_poisson_rolling_306,3.0414751536409526,2.9821777504205613,0.05929740322039123,25.255061132228732
1485,22/23,29,3,poisson_rolling_306,com_poisson_rolling_306,4.25383375661135,4.386268939355915,-0.13243518274456534,25.122625949484167
1486,22/23,29,4,poisson_rolling_306,com_poisson_rolling_306,2.960838442157147,2.8840434950891165,0.0767949470680307,25.199420896552198
1487,22/23,29,5,poisson_rolling_306,com_poisson_rolling_306,4.605241977059727,4.840694942337109,-0.23545296527738202,24.963967931274816
1488,22/23,29,6,poisson_rolling_306,com_poisson_rolling_306,3.134258213530096,3.0791422856055704,0.055115927924525465,25.01908385919934
1489,22/23,29,7,poisson_rolling_306,com_poisson_rolling_306,3.2207321461958927,3.1795106347951503,0.04122151140074237,25.060305370600084
1490,22/23,29,8,poisson_rolling_306,com_poisson_rolling_306,4.3552436731043755,4.544502193375678,-0.1892585202713022,24.87104685032878
1491,22/23,29,9,poisson_rolling_306,com_poisson_rolling_306,2.9718877832666735,2.8924205148033195,0.07946726846335395,24.950514118792135
1492,22/23,30,1,poisson_rolling_306,com_poisson_rolling_306,3.1165145917010904,3.0726701827564256,0.04384440894466479,24.9943585277368
1493,22/23,30,2,poisson_rolling_306,com_poisson_rolling_306,3.3135322468151998,3.2876188241410347,0.025913422674165076,25.020271950410965
1494,22/23,30,3,poisson_rolling_306,com_poisson_rolling_306,4.23525617855303,4.362572816298112,-0.12731663774508206,24.892955312665883
1495,22/23,30,4,poisson_rolling_306,com_poisson_rolling_306,3.707706802429314,3.746659975780645,-0.03895317335133086,24.854002139314552
1496,22/23,30,5,poisson_rolling_306,com_poisson_rolling_306,4.658228790811123,4.857010695090267,-0.19878190427914433,24.655220235035408
1497,22/23,30,6,poisson_rolling_306,com_poisson_rolling_306,2.948488014468907,2.8689410063138467,0.07954700815506044,24.73476724319047
1498,22/23,30,7,poisson_rolling_306,com_poisson_rolling_306,3.3135322468151998,3.2876188241410347,0.025913422674165076,24.760680665864633
1499,22/23,30,8,poisson_rolling_306,com_poisson_rolling_306,3.1278878208633074,3.0723196408080327,0.05556818005527475,24.816248845919908
1500,22/23,30,9,poisson_rolling_306,com_poisson_rolling_306,3.583877089013626,3.628469796072821,-0.044592707059194936,24.771656138860713
1501,22/23,31,1,poisson_rolling_306,com_poisson_rolling_306,3.6736381758948013,3.7009115477149237,-0.02727337182012235,24.74438276704059
1502,22/23,31,2,poisson_rolling_306,com_poisson_rolling_306,3.047530266099862,2.9887390246730092,0.05879124142685299,24.803174008467444
1503,22/23,31,3,poisson_rolling_306,com_poisson_rolling_306,4.390574893882608,4.520108475313833,-0.1295335814312253,24.67364042703622
1504,22/23,31,4,poisson_rolling_306,com_poisson_rolling_306,5.882013506613156,6.227278657981884,-0.3452651513687286,24.32837527566749
1505,22/23,31,5,poisson_rolling_306,com_poisson_rolling_306,2.9506638539558807,2.8812352973789643,0.06942855657691638,24.397803832244406
1506,22/23,31,6,poisson_rolling_306,com_poisson_rolling_306,3.047530266099862,2.9887390246730092,0.05879124142685299,24.45659507367126
1507,22/23,31,7,poisson_rolling_306,com_poisson_rolling_306,3.047530266099862,2.9887390246730092,0.05879124142685299,24.515386315098112
1508,22/23,31,8,poisson_rolling_306,com_poisson_rolling_306,3.1353164166383394,3.1000204348887053,0.03529598174963411,24.550682296847746
1509,22/23,31,9,poisson_rolling_306,com_poisson_rolling_306,3.617784757228513,3.65995546479499,-0.042170707566477006,24.50851158928127
1510,22/23,32,1,poisson_rolling_306,com_poisson_rolling_306,3.0259485196257145,2.971167972937266,0.05478054668844834,24.563292135969718
1511,22/23,32,2,poisson_rolling_306,com_poisson_rolling_306,4.987525120798168,5.20490454914416,-0.21737942834599266,24.345912707623725
1512,22/23,32,3,poisson_rolling_306,com_poisson_rolling_306,2.9620388702081897,2.892395777965774,0.0696430922424156,24.41555579986614
1513,22/23,32,4,poisson_rolling_306,com_poisson_rolling_306,3.0259485196257145,2.971167972937266,0.05478054668844834,24.47033634655459
1514,22/23,32,5,poisson_rolling_306,com_poisson_rolling_306,3.36535716763656,3.348955482572748,0.01640168506381201,24.4867380316184
1515,22/23,32,6,poisson_rolling_306,com_poisson_rolling_306,3.167233345600934,3.123447944782626,0.04378540081830806,24.53052343243671
1516,22/23,32,7,poisson_rolling_306,com_poisson_rolling_306,3.2620591711063156,3.246900272254223,0.015158898852092761,24.545682331288802
1517,22/23,32,8,poisson_rolling_306,com_poisson_rolling_306,4.7590801422630165,4.980830882905067,-0.22175074064205091,24.32393159064675
1518,22/23,32,9,poisson_rolling_306,com_poisson_rolling_306,3.0321107653839903,2.9704748564444827,0.061635908939507544,24.38556749958626
1519,22/23,33,1,poisson_rolling_306,com_poisson_rolling_306,3.7679401112222166,3.7984601217159337,-0.03052001049371711,24.35504748909254
1520,22/23,33,2,poisson_rolling_306,com_poisson_rolling_306,3.3850463689257566,3.3878641075539377,-0.0028177386281811323,24.35222975046436
1521,22/23,33,3,poisson_rolling_306,com_poisson_rolling_306,3.7679401112222166,3.7984601217159337,-0.03052001049371711,24.321709739970643
1522,22/23,33,4,poisson_rolling_306,com_poisson_rolling_306,2.961538884778335,2.906882188683838,0.05465669609449719,24.37636643606514
1523,22/23,33,5,poisson_rolling_306,com_poisson_rolling_306,3.1631545420605818,3.1280418196717648,0.03511272238881702,24.411479158453957
1524,22/23,33,6,poisson_rolling_306,com_poisson_rolling_306,2.9524694110100853,2.8977545486700222,0.054714862340063064,24.46619402079402
1525,22/23,33,7,poisson_rolling_306,com_poisson_rolling_306,3.3850463689257566,3.3878641075539377,-0.0028177386281811323,24.46337628216584
1526,22/23,33,8,poisson_rolling_306,com_poisson_rolling_306,3.029821370898887,2.9811377295659867,0.04868364133290015,24.51205992349874
1527,22/23,33,9,poisson_rolling_306,com_poisson_rolling_306,3.6169003761835796,3.6307802157625275,-0.013879839578947895,24.49818008391979
1528,22/23,34,1,poisson_rolling_306,com_poisson_rolling_306,3.3340746596621145,3.3103082866604154,0.023766373001699037,24.52194645692149
1529,22/23,34,2,poisson_rolling_306,com_poisson_rolling_306,3.3340746596621145,3.3103082866604154,0.023766373001699037,24.54571282992319
1530,22/23,34,3,poisson_rolling_306,com_poisson_rolling_306,3.583564836522548,3.6009595186241654,-0.01739468210161732,24.528318147821572
1531,22/23,34,4,poisson_rolling_306,com_poisson_rolling_306,3.0202495640843026,2.946951684248006,0.07329787983629643,24.60161602765787
1532,22/23,34,5,poisson_rolling_306,com_poisson_rolling_306,3.3340746596621145,3.3103082866604154,0.023766373001699037,24.625382400659568
1533,22/23,34,6,poisson_rolling_306,com_poisson_rolling_306,2.959888322245881,2.8789237204226197,0.08096460182326126,24.70634700248283
1534,22/23,34,7,poisson_rolling_306,com_poisson_rolling_306,5.415908942071205,5.7442038111374245,-0.3282948690662195,24.37805213341661
1535,22/23,34,8,poisson_rolling_306,com_poisson_rolling_306,3.0202495640843026,2.946951684248006,0.07329787983629643,24.451350013252906
1536,22/23,34,9,poisson_rolling_306,com_poisson_rolling_306,3.0202495640843026,2.946951684248006,0.07329787983629643,24.524647893089202
